date,away_team_id,away_goals,home_team_id,home_goals,length_of_game_min,updated_at
2022-10-07,San Jose Sharks,1,Nashville Predators,4,163,2023-09-27
2022-10-08,Nashville Predators,3,San Jose Sharks,2,153,2023-09-27
2022-10-11,Vegas Golden Knights,4,Los Angeles Kings,3,151,2023-09-27
2022-10-11,Tampa Bay Lightning,1,New York Rangers,3,141,2023-09-27
2022-10-12,Seattle Kraken,4,Anaheim Ducks,5,148,2023-09-27
2022-10-12,Columbus Blue Jackets,1,Carolina Hurricanes,4,157,2023-09-27
2022-10-12,Chicago Blackhawks,2,Colorado Avalanche,5,139,2023-09-27
2022-10-12,Vancouver Canucks,3,Edmonton Oilers,5,161,2023-09-27
2022-10-12,Toronto Maple Leafs,3,Montreal Canadiens,4,150,2023-09-27
2022-10-12,Boston Bruins,5,Washington Capitals,2,148,2023-09-27
2022-10-13,Ottawa Senators,1,Buffalo Sabres,4,141,2023-09-27
2022-10-13,Colorado Avalanche,3,Calgary Flames,5,155,2023-09-27
2022-10-13,Seattle Kraken,4,Los Angeles Kings,1,148,2023-09-27
2022-10-13,New York Rangers,7,Minnesota Wild,3,151,2023-09-27
2022-10-13,Dallas Stars,4,Nashville Predators,1,146,2023-09-27
2022-10-13,Florida Panthers,3,New York Islanders,1,156,2023-09-27
2022-10-13,New Jersey Devils,2,Philadelphia Flyers,5,154,2023-09-27
2022-10-13,Arizona Coyotes,2,Pittsburgh Penguins,6,154,2023-09-27
2022-10-13,Washington Capitals,2,Toronto Maple Leafs,3,151,2023-09-27
2022-10-13,Chicago Blackhawks,0,Vegas Golden Knights,1,147,2023-09-27
2022-10-14,Tampa Bay Lightning,5,Columbus Blue Jackets,2,145,2023-09-27
2022-10-14,Montreal Canadiens,0,Detroit Red Wings,3,150,2023-09-27
2022-10-14,Carolina Hurricanes,2,San Jose Sharks,1,147,2023-09-27
2022-10-14,New York Rangers,1,Winnipeg Jets,4,146,2023-09-27
2022-10-15,Arizona Coyotes,3,Boston Bruins,6,153,2023-09-27
2022-10-15,Florida Panthers,4,Buffalo Sabres,3,150,2023-09-27
2022-10-15,Nashville Predators,1,Dallas Stars,5,150,2023-09-27
2022-10-15,Calgary Flames,4,Edmonton Oilers,3,155,2023-09-27
2022-10-15,Los Angeles Kings,7,Minnesota Wild,6,164,2023-09-27
2022-10-15,Detroit Red Wings,5,New Jersey Devils,2,145,2023-09-27
2022-10-15,Anaheim Ducks,1,New York Islanders,7,152,2023-09-27
2022-10-15,Vancouver Canucks,2,Philadelphia Flyers,3,147,2023-09-27
2022-10-15,Tampa Bay Lightning,2,Pittsburgh Penguins,6,145,2023-09-27
2022-10-15,Vegas Golden Knights,5,Seattle Kraken,2,152,2023-09-27
2022-10-15,Chicago Blackhawks,5,San Jose Sharks,2,142,2023-09-27
2022-10-15,Columbus Blue Jackets,2,St. Louis Blues,5,139,2023-09-27
2022-10-15,Ottawa Senators,2,Toronto Maple Leafs,3,148,2023-09-27
2022-10-15,Montreal Canadiens,1,Washington Capitals,3,149,2023-09-27
2022-10-17,Florida Panthers,3,Boston Bruins,5,152,2023-09-27
2022-10-17,Winnipeg Jets,1,Dallas Stars,4,142,2023-09-27
2022-10-17,Los Angeles Kings,5,Detroit Red Wings,4,155,2023-09-27
2022-10-17,Colorado Avalanche,6,Minnesota Wild,3,156,2023-09-27
2022-10-17,Pittsburgh Penguins,2,Montreal Canadiens,3,152,2023-09-27
2022-10-17,Anaheim Ducks,4,New York Rangers,6,149,2023-09-27
2022-10-17,Carolina Hurricanes,5,Seattle Kraken,1,150,2023-09-27
2022-10-17,Arizona Coyotes,4,Toronto Maple Leafs,2,148,2023-09-27
2022-10-17,Vancouver Canucks,4,Washington Capitals,6,152,2023-09-27
2022-10-18,Vancouver Canucks,3,Columbus Blue Jackets,4,150,2023-09-27
2022-10-18,Vegas Golden Knights,2,Calgary Flames,3,154,2023-09-27
2022-10-18,Buffalo Sabres,4,Edmonton Oilers,2,155,2023-09-27
2022-10-18,Anaheim Ducks,2,New Jersey Devils,4,149,2023-09-27
2022-10-18,Los Angeles Kings,4,Nashville Predators,3,155,2023-09-27
2022-10-18,San Jose Sharks,2,New York Islanders,5,151,2023-09-27
2022-10-18,Boston Bruins,5,Ottawa Senators,7,161,2023-09-27
2022-10-18,Philadelphia Flyers,3,Tampa Bay Lightning,2,151,2023-09-27
2022-10-19,Winnipeg Jets,4,Colorado Avalanche,3,146,2023-09-27
2022-10-19,Philadelphia Flyers,3,Florida Panthers,4,158,2023-09-27
2022-10-19,St. Louis Blues,4,Seattle Kraken,3,147,2023-09-27
2022-10-20,Anaheim Ducks,1,Boston Bruins,2,168,2023-09-27
2022-10-20,Nashville Predators,3,Columbus Blue Jackets,5,157,2023-09-27
2022-10-20,Buffalo Sabres,6,Calgary Flames,3,148,2023-09-27
2022-10-20,Carolina Hurricanes,4,Edmonton Oilers,6,158,2023-09-27
2022-10-20,Vancouver Canucks,3,Minnesota Wild,4,149,2023-09-27
2022-10-20,Arizona Coyotes,2,Montreal Canadiens,6,148,2023-09-27
2022-10-20,New Jersey Devils,4,New York Islanders,1,142,2023-09-27
2022-10-20,San Jose Sharks,3,New York Rangers,2,147,2023-09-27
2022-10-20,Washington Capitals,2,Ottawa Senators,5,148,2023-09-27
2022-10-20,Los Angeles Kings,1,Pittsburgh Penguins,6,147,2023-09-27
2022-10-20,Dallas Stars,2,Toronto Maple Leafs,3,170,2023-09-27
2022-10-20,Winnipeg Jets,2,Vegas Golden Knights,5,139,2023-09-27
2022-10-21,Detroit Red Wings,3,Chicago Blackhawks,4,151,2023-09-27
2022-10-21,Seattle Kraken,3,Colorado Avalanche,2,146,2023-09-27
2022-10-21,Tampa Bay Lightning,3,Florida Panthers,2,164,2023-09-27
2022-10-22,Minnesota Wild,3,Boston Bruins,4,162,2023-09-27
2022-10-22,Pittsburgh Penguins,6,Columbus Blue Jackets,3,155,2023-09-27
2022-10-22,Carolina Hurricanes,2,Calgary Flames,3,147,2023-09-27
2022-10-22,St. Louis Blues,2,Edmonton Oilers,0,132,2023-09-27
2022-10-22,Dallas Stars,5,Montreal Canadiens,2,146,2023-09-27
2022-10-22,San Jose Sharks,1,New Jersey Devils,2,151,2023-09-27
2022-10-22,Philadelphia Flyers,3,Nashville Predators,1,154,2023-09-27
2022-10-22,Arizona Coyotes,2,Ottawa Senators,6,149,2023-09-27
2022-10-22,New York Islanders,3,Tampa Bay Lightning,5,149,2023-09-27
2022-10-22,Buffalo Sabres,5,Vancouver Canucks,1,146,2023-09-27
2022-10-22,Colorado Avalanche,3,Vegas Golden Knights,2,149,2023-09-27
2022-10-22,Toronto Maple Leafs,4,Winnipeg Jets,1,143,2023-09-27
2022-10-22,Los Angeles Kings,3,Washington Capitals,4,146,2023-09-27
2022-10-23,Seattle Kraken,4,Chicago Blackhawks,5,146,2023-09-27
2022-10-23,Anaheim Ducks,1,Detroit Red Wings,5,153,2023-09-27
2022-10-23,New York Islanders,2,Florida Panthers,3,146,2023-09-27
2022-10-23,Columbus Blue Jackets,5,New York Rangers,1,143,2023-09-27
2022-10-23,San Jose Sharks,3,Philadelphia Flyers,0,149,2023-09-27
2022-10-24,Pittsburgh Penguins,3,Edmonton Oilers,6,147,2023-09-27
2022-10-24,Washington Capitals,6,New Jersey Devils,3,151,2023-09-27
2022-10-24,Dallas Stars,2,Ottawa Senators,4,149,2023-09-27
2022-10-24,Carolina Hurricanes,3,Vancouver Canucks,2,154,2023-09-27
2022-10-24,Toronto Maple Leafs,1,Vegas Golden Knights,3,155,2023-09-27
2022-10-24,St. Louis Blues,0,Winnipeg Jets,4,138,2023-09-27
2022-10-25,Dallas Stars,1,Boston Bruins,3,147,2023-09-27
2022-10-25,Arizona Coyotes,6,Columbus Blue Jackets,3,153,2023-09-27
2022-10-25,Pittsburgh Penguins,1,Calgary Flames,4,148,2023-09-27
2022-10-25,Florida Panthers,2,Chicago Blackhawks,4,148,2023-09-27
2022-10-25,New Jersey Devils,6,Detroit Red Wings,2,147,2023-09-27
2022-10-25,Tampa Bay Lightning,2,Los Angeles Kings,4,146,2023-09-27
2022-10-25,Minnesota Wild,3,Montreal Canadiens,1,144,2023-09-27
2022-10-25,Colorado Avalanche,3,New York Rangers,2,167,2023-09-27
2022-10-25,Buffalo Sabres,1,Seattle Kraken,5,141,2023-09-27
2022-10-25,Vegas Golden Knights,4,San Jose Sharks,2,146,2023-09-27
2022-10-26,Tampa Bay Lightning,4,Anaheim Ducks,2,151,2023-09-27
2022-10-26,New York Rangers,0,New York Islanders,3,145,2023-09-27
2022-10-26,Edmonton Oilers,3,St. Louis Blues,1,144,2023-09-27
2022-10-27,Detroit Red Wings,1,Boston Bruins,5,151,2023-09-27
2022-10-27,Montreal Canadiens,3,Buffalo Sabres,2,141,2023-09-27
2022-10-27,Edmonton Oilers,6,Chicago Blackhawks,5,158,2023-09-27
2022-10-27,Washington Capitals,0,Dallas Stars,2,145,2023-09-27
2022-10-27,Winnipeg Jets,6,Los Angeles Kings,4,145,2023-09-27
2022-10-27,St. Louis Blues,2,Nashville Predators,6,139,2023-09-27
2022-10-27,Minnesota Wild,4,Ottawa Senators,2,155,2023-09-27
2022-10-27,Florida Panthers,3,Philadelphia Flyers,4,157,2023-09-27
2022-10-27,Vancouver Canucks,5,Seattle Kraken,4,151,2023-09-27
2022-10-27,Toronto Maple Leafs,3,San Jose Sharks,4,141,2023-09-27
2022-10-28,Winnipeg Jets,3,Arizona Coyotes,2,147,2023-09-27
2022-10-28,New York Islanders,6,Carolina Hurricanes,2,149,2023-09-27
2022-10-28,Boston Bruins,4,Columbus Blue Jackets,0,139,2023-09-27
2022-10-28,Colorado Avalanche,0,New Jersey Devils,1,141,2023-09-27
2022-10-28,Pittsburgh Penguins,1,Vancouver Canucks,5,146,2023-09-27
2022-10-28,Anaheim Ducks,0,Vegas Golden Knights,4,152,2023-09-27
2022-10-29,Chicago Blackhawks,3,Buffalo Sabres,4,151,2023-09-27
2022-10-29,Edmonton Oilers,3,Calgary Flames,2,150,2023-09-27
2022-10-29,New York Rangers,6,Dallas Stars,3,148,2023-09-27
2022-10-29,Minnesota Wild,1,Detroit Red Wings,2,135,2023-09-27
2022-10-29,Ottawa Senators,3,Florida Panthers,5,158,2023-09-27
2022-10-29,Toronto Maple Leafs,2,Los Angeles Kings,4,148,2023-09-27
2022-10-29,Washington Capitals,3,Nashville Predators,0,152,2023-09-27
2022-10-29,Colorado Avalanche,4,New York Islanders,5,150,2023-09-27
2022-10-29,Carolina Hurricanes,4,Philadelphia Flyers,3,160,2023-09-27
2022-10-29,Pittsburgh Penguins,1,Seattle Kraken,3,153,2023-09-27
2022-10-29,Tampa Bay Lightning,4,San Jose Sharks,3,137,2023-09-27
2022-10-29,Montreal Canadiens,7,St. Louis Blues,4,147,2023-09-27
2022-10-30,Toronto Maple Leafs,3,Anaheim Ducks,4,155,2023-09-27
2022-10-30,New York Rangers,3,Arizona Coyotes,2,144,2023-09-27
2022-10-30,Minnesota Wild,4,Chicago Blackhawks,3,163,2023-09-27
2022-10-30,Columbus Blue Jackets,1,New Jersey Devils,7,148,2023-09-27
2022-10-30,Winnipeg Jets,1,Vegas Golden Knights,2,151,2023-09-27
2022-10-31,Detroit Red Wings,3,Buffalo Sabres,8,147,2023-09-27
2022-10-31,Washington Capitals,2,Carolina Hurricanes,3,161,2023-09-27
2022-10-31,Los Angeles Kings,5,St. Louis Blues,1,143,2023-09-27
2022-11-01,Florida Panthers,1,Arizona Coyotes,3,150,2023-09-27
2022-11-01,Seattle Kraken,5,Calgary Flames,4,153,2023-09-27
2022-11-01,New York Islanders,3,Chicago Blackhawks,1,145,2023-09-27
2022-11-01,Los Angeles Kings,2,Dallas Stars,5,148,2023-09-27
2022-11-01,Nashville Predators,4,Edmonton Oilers,7,157,2023-09-27
2022-11-01,Montreal Canadiens,1,Minnesota Wild,4,146,2023-09-27
2022-11-01,Philadelphia Flyers,0,New York Rangers,1,149,2023-09-27
2022-11-01,Boston Bruins,6,Pittsburgh Penguins,5,163,2023-09-27
2022-11-01,Anaheim Ducks,6,San Jose Sharks,5,162,2023-09-27
2022-11-01,Ottawa Senators,3,Tampa Bay Lightning,4,153,2023-09-27
2022-11-01,New Jersey Devils,5,Vancouver Canucks,2,144,2023-09-27
2022-11-01,Vegas Golden Knights,3,Washington Capitals,2,154,2023-09-27
2022-11-02,Pittsburgh Penguins,3,Buffalo Sabres,6,148,2023-09-27
2022-11-02,Philadelphia Flyers,2,Toronto Maple Leafs,5,156,2023-09-27
2022-11-03,Dallas Stars,7,Arizona Coyotes,2,145,2023-09-27
2022-11-03,Nashville Predators,4,Calgary Flames,1,151,2023-09-27
2022-11-03,Los Angeles Kings,1,Chicago Blackhawks,2,150,2023-09-27
2022-11-03,Washington Capitals,1,Detroit Red Wings,3,145,2023-09-27
2022-11-03,New Jersey Devils,4,Edmonton Oilers,3,142,2023-09-27
2022-11-03,Seattle Kraken,4,Minnesota Wild,0,139,2023-09-27
2022-11-03,Boston Bruins,5,New York Rangers,2,141,2023-09-27
2022-11-03,Vegas Golden Knights,5,Ottawa Senators,4,154,2023-09-27
2022-11-03,Florida Panthers,4,San Jose Sharks,3,162,2023-09-27
2022-11-03,New York Islanders,5,St. Louis Blues,2,153,2023-09-27
2022-11-03,Carolina Hurricanes,4,Tampa Bay Lightning,3,181,2023-09-27
2022-11-03,Anaheim Ducks,5,Vancouver Canucks,8,154,2023-09-27
2022-11-03,Montreal Canadiens,2,Winnipeg Jets,3,147,2023-09-27
2022-11-04,Buffalo Sabres,3,Carolina Hurricanes,5,152,2023-09-27
2022-11-04,Columbus Blue Jackets,3,Colorado Avalanche,6,160,2023-09-27
2022-11-05,Colorado Avalanche,5,Columbus Blue Jackets,1,147,2023-09-27
2022-11-05,New Jersey Devils,4,Calgary Flames,3,158,2023-09-27
2022-11-05,New York Islanders,0,Detroit Red Wings,3,142,2023-09-27
2022-11-05,Dallas Stars,6,Edmonton Oilers,2,145,2023-09-27
2022-11-05,Florida Panthers,4,Los Angeles Kings,5,164,2023-09-27
2022-11-05,Vegas Golden Knights,6,Montreal Canadiens,4,147,2023-09-27
2022-11-05,Philadelphia Flyers,2,Ottawa Senators,1,149,2023-09-27
2022-11-05,Seattle Kraken,3,Pittsburgh Penguins,2,130,2023-09-27
2022-11-05,Anaheim Ducks,5,San Jose Sharks,4,167,2023-09-27
2022-11-05,Buffalo Sabres,3,Tampa Bay Lightning,5,155,2023-09-27
2022-11-05,Boston Bruins,1,Toronto Maple Leafs,2,134,2023-09-27
2022-11-05,Nashville Predators,4,Vancouver Canucks,3,166,2023-09-27
2022-11-05,Chicago Blackhawks,0,Winnipeg Jets,4,144,2023-09-27
2022-11-05,Arizona Coyotes,3,Washington Capitals,2,150,2023-09-27
2022-11-06,Florida Panthers,5,Anaheim Ducks,3,150,2023-09-27
2022-11-06,Toronto Maple Leafs,3,Carolina Hurricanes,1,143,2023-09-27
2022-11-06,Detroit Red Wings,3,New York Rangers,2,153,2023-09-27
2022-11-07,St. Louis Blues,1,Boston Bruins,3,145,2023-09-27
2022-11-07,Calgary Flames,3,New York Islanders,4,153,2023-09-27
2022-11-07,Edmonton Oilers,4,Washington Capitals,5,154,2023-09-27
2022-11-08,Arizona Coyotes,4,Buffalo Sabres,1,167,2023-09-27
2022-11-08,Montreal Canadiens,3,Detroit Red Wings,2,158,2023-09-27
2022-11-08,Minnesota Wild,0,Los Angeles Kings,1,143,2023-09-27
2022-11-08,Calgary Flames,2,New Jersey Devils,3,152,2023-09-27
2022-11-08,New York Islanders,4,New York Rangers,3,151,2023-09-27
2022-11-08,Vancouver Canucks,6,Ottawa Senators,4,142,2023-09-27
2022-11-08,St. Louis Blues,1,Philadelphia Flyers,5,145,2023-09-27
2022-11-08,Nashville Predators,1,Seattle Kraken,5,138,2023-09-27
2022-11-08,Edmonton Oilers,3,Tampa Bay Lightning,2,160,2023-09-27
2022-11-08,Vegas Golden Knights,4,Toronto Maple Leafs,3,142,2023-09-27
2022-11-08,Dallas Stars,1,Winnipeg Jets,5,139,2023-09-27
2022-11-09,Minnesota Wild,4,Anaheim Ducks,1,150,2023-09-27
2022-11-09,Carolina Hurricanes,0,Florida Panthers,3,145,2023-09-27
2022-11-09,Vancouver Canucks,2,Montreal Canadiens,5,144,2023-09-27
2022-11-09,Pittsburgh Penguins,4,Washington Capitals,1,145,2023-09-27
2022-11-10,Calgary Flames,1,Boston Bruins,3,148,2023-09-27
2022-11-10,Vegas Golden Knights,7,Buffalo Sabres,4,157,2023-09-27
2022-11-10,Edmonton Oilers,2,Carolina Hurricanes,7,142,2023-09-27
2022-11-10,Philadelphia Flyers,2,Columbus Blue Jackets,5,157,2023-09-27
2022-11-10,Nashville Predators,3,Colorado Avalanche,5,154,2023-09-27
2022-11-10,New York Rangers,8,Detroit Red Wings,2,140,2023-09-27
2022-11-10,Chicago Blackhawks,1,Los Angeles Kings,2,153,2023-09-27
2022-11-10,Ottawa Senators,3,New Jersey Devils,4,155,2023-09-27
2022-11-10,Arizona Coyotes,2,New York Islanders,0,148,2023-09-27
2022-11-10,San Jose Sharks,3,St. Louis Blues,5,144,2023-09-27
2022-11-11,San Jose Sharks,5,Dallas Stars,4,151,2023-09-27
2022-11-11,Minnesota Wild,1,Seattle Kraken,0,142,2023-09-27
2022-11-11,Pittsburgh Penguins,4,Toronto Maple Leafs,2,139,2023-09-27
2022-11-11,Tampa Bay Lightning,1,Washington Capitals,5,149,2023-09-27
2022-11-12,Chicago Blackhawks,3,Anaheim Ducks,2,152,2023-09-27
2022-11-12,Boston Bruins,3,Buffalo Sabres,1,148,2023-09-27
2022-11-12,Winnipeg Jets,2,Calgary Flames,3,153,2023-09-27
2022-11-12,Carolina Hurricanes,1,Colorado Avalanche,4,141,2023-09-27
2022-11-12,Edmonton Oilers,4,Florida Panthers,2,144,2023-09-27
2022-11-12,Detroit Red Wings,3,Los Angeles Kings,4,146,2023-09-27
2022-11-12,Pittsburgh Penguins,4,Montreal Canadiens,5,155,2023-09-27
2022-11-12,Arizona Coyotes,2,New Jersey Devils,4,150,2023-09-27
2022-11-12,New York Rangers,1,Nashville Predators,2,145,2023-09-27
2022-11-12,Columbus Blue Jackets,3,New York Islanders,4,146,2023-09-27
2022-11-12,Ottawa Senators,4,Philadelphia Flyers,1,148,2023-09-27
2022-11-12,Vancouver Canucks,2,Toronto Maple Leafs,3,138,2023-09-27
2022-11-12,St. Louis Blues,3,Vegas Golden Knights,2,148,2023-09-27
2022-11-13,Vancouver Canucks,2,Boston Bruins,5,150,2023-09-27
2022-11-13,San Jose Sharks,3,Minnesota Wild,2,154,2023-09-27
2022-11-13,Arizona Coyotes,1,New York Rangers,4,145,2023-09-27
2022-11-13,Dallas Stars,5,Philadelphia Flyers,1,144,2023-09-27
2022-11-13,Winnipeg Jets,3,Seattle Kraken,2,148,2023-09-27
2022-11-13,Washington Capitals,3,Tampa Bay Lightning,6,161,2023-09-27
2022-11-14,Los Angeles Kings,5,Calgary Flames,6,152,2023-09-27
2022-11-14,Carolina Hurricanes,3,Chicago Blackhawks,0,143,2023-09-27
2022-11-14,St. Louis Blues,3,Colorado Avalanche,2,150,2023-09-27
2022-11-14,New York Islanders,4,Ottawa Senators,2,148,2023-09-27
2022-11-15,Detroit Red Wings,2,Anaheim Ducks,3,154,2023-09-27
2022-11-15,Vancouver Canucks,5,Buffalo Sabres,4,147,2023-09-27
2022-11-15,Philadelphia Flyers,4,Columbus Blue Jackets,5,154,2023-09-27
2022-11-15,Washington Capitals,2,Florida Panthers,5,149,2023-09-27
2022-11-15,New Jersey Devils,5,Montreal Canadiens,1,152,2023-09-27
2022-11-15,Minnesota Wild,1,Nashville Predators,2,152,2023-09-27
2022-11-15,Toronto Maple Leafs,5,Pittsburgh Penguins,2,141,2023-09-27
2022-11-15,Dallas Stars,4,Tampa Bay Lightning,5,169,2023-09-27
2022-11-15,San Jose Sharks,5,Vegas Golden Knights,2,145,2023-09-27
2022-11-16,St. Louis Blues,5,Chicago Blackhawks,2,138,2023-09-27
2022-11-16,Los Angeles Kings,3,Edmonton Oilers,1,148,2023-09-27
2022-11-16,Buffalo Sabres,1,Ottawa Senators,4,152,2023-09-27
2022-11-17,Philadelphia Flyers,1,Boston Bruins,4,150,2023-09-27
2022-11-17,Colorado Avalanche,3,Carolina Hurricanes,2,153,2023-09-27
2022-11-17,Montreal Canadiens,4,Columbus Blue Jackets,6,156,2023-09-27
2022-11-17,Dallas Stars,6,Florida Panthers,4,158,2023-09-27
2022-11-17,Pittsburgh Penguins,6,Minnesota Wild,4,148,2023-09-27
2022-11-17,New York Islanders,4,Nashville Predators,5,145,2023-09-27
2022-11-17,New York Rangers,2,Seattle Kraken,3,148,2023-09-27
2022-11-17,Detroit Red Wings,7,San Jose Sharks,4,139,2023-09-27
2022-11-17,Washington Capitals,4,St. Louis Blues,5,170,2023-09-27
2022-11-17,Calgary Flames,1,Tampa Bay Lightning,4,158,2023-09-27
2022-11-17,New Jersey Devils,3,Toronto Maple Leafs,2,142,2023-09-27
2022-11-17,Arizona Coyotes,1,Vegas Golden Knights,4,147,2023-09-27
2022-11-17,Anaheim Ducks,2,Winnipeg Jets,3,144,2023-09-27
2022-11-18,Los Angeles Kings,1,Vancouver Canucks,4,144,2023-09-27
2022-11-19,Chicago Blackhawks,1,Boston Bruins,6,141,2023-09-27
2022-11-19,Detroit Red Wings,6,Columbus Blue Jackets,1,145,2023-09-27
2022-11-19,New York Islanders,2,Dallas Stars,5,145,2023-09-27
2022-11-19,Vegas Golden Knights,3,Edmonton Oilers,4,140,2023-09-27
2022-11-19,Calgary Flames,5,Florida Panthers,4,168,2023-09-27
2022-11-19,Carolina Hurricanes,1,Minnesota Wild,2,151,2023-09-27
2022-11-19,Philadelphia Flyers,4,Montreal Canadiens,5,161,2023-09-27
2022-11-19,Tampa Bay Lightning,3,Nashville Predators,2,152,2023-09-27
2022-11-19,New Jersey Devils,5,Ottawa Senators,1,153,2023-09-27
2022-11-19,Los Angeles Kings,2,Seattle Kraken,3,141,2023-09-27
2022-11-19,New York Rangers,2,San Jose Sharks,1,148,2023-09-27
2022-11-19,Anaheim Ducks,2,St. Louis Blues,6,147,2023-09-27
2022-11-19,Buffalo Sabres,2,Toronto Maple Leafs,5,146,2023-09-27
2022-11-19,Pittsburgh Penguins,3,Winnipeg Jets,0,146,2023-09-27
2022-11-19,Colorado Avalanche,4,Washington Capitals,0,146,2023-09-27
2022-11-20,Florida Panthers,3,Columbus Blue Jackets,5,150,2023-09-27
2022-11-20,Pittsburgh Penguins,5,Chicago Blackhawks,3,150,2023-09-27
2022-11-21,Colorado Avalanche,3,Dallas Stars,2,164,2023-09-27
2022-11-21,Edmonton Oilers,2,New Jersey Devils,5,143,2023-09-27
2022-11-21,Arizona Coyotes,3,Nashville Predators,4,166,2023-09-27
2022-11-21,Calgary Flames,5,Philadelphia Flyers,2,141,2023-09-27
2022-11-21,Ottawa Senators,1,San Jose Sharks,5,146,2023-09-27
2022-11-21,Anaheim Ducks,1,St. Louis Blues,3,141,2023-09-27
2022-11-21,Boston Bruins,5,Tampa Bay Lightning,3,149,2023-09-27
2022-11-21,New York Islanders,3,Toronto Maple Leafs,2,152,2023-09-27
2022-11-21,Vegas Golden Knights,5,Vancouver Canucks,4,157,2023-09-27
2022-11-21,Carolina Hurricanes,3,Winnipeg Jets,4,139,2023-09-27
2022-11-22,New York Rangers,5,Los Angeles Kings,3,147,2023-09-27
2022-11-22,Buffalo Sabres,7,Montreal Canadiens,2,146,2023-09-27
2022-11-23,New York Rangers,2,Anaheim Ducks,3,141,2023-09-27
2022-11-23,St. Louis Blues,2,Buffalo Sabres,6,140,2023-09-27
2022-11-23,Arizona Coyotes,4,Carolina Hurricanes,0,147,2023-09-27
2022-11-23,Montreal Canadiens,3,Columbus Blue Jackets,1,152,2023-09-27
2022-11-23,Vancouver Canucks,4,Colorado Avalanche,3,158,2023-09-27
2022-11-23,Chicago Blackhawks,4,Dallas Stars,6,149,2023-09-27
2022-11-23,Nashville Predators,0,Detroit Red Wings,3,139,2023-09-27
2022-11-23,Boston Bruins,2,Florida Panthers,5,157,2023-09-27
2022-11-23,Winnipeg Jets,1,Minnesota Wild,6,153,2023-09-27
2022-11-23,Toronto Maple Leafs,2,New Jersey Devils,1,162,2023-09-27
2022-11-23,Edmonton Oilers,0,New York Islanders,3,154,2023-09-27
2022-11-23,Calgary Flames,1,Pittsburgh Penguins,2,157,2023-09-27
2022-11-23,San Jose Sharks,5,Seattle Kraken,8,145,2023-09-27
2022-11-23,Ottawa Senators,1,Vegas Golden Knights,4,154,2023-09-27
2022-11-23,Philadelphia Flyers,2,Washington Capitals,3,153,2023-09-27
2022-11-25,Ottawa Senators,5,Anaheim Ducks,1,156,2023-09-27
2022-11-25,Carolina Hurricanes,2,Boston Bruins,3,168,2023-09-27
2022-11-25,New Jersey Devils,3,Buffalo Sabres,1,152,2023-09-27
2022-11-25,New York Islanders,3,Columbus Blue Jackets,2,149,2023-09-27
2022-11-25,Montreal Canadiens,3,Chicago Blackhawks,2,152,2023-09-27
2022-11-25,Winnipeg Jets,5,Dallas Stars,4,169,2023-09-27
2022-11-25,Arizona Coyotes,3,Detroit Red Wings,4,161,2023-09-27
2022-11-25,Toronto Maple Leafs,4,Minnesota Wild,3,148,2023-09-27
2022-11-25,Pittsburgh Penguins,4,Philadelphia Flyers,1,142,2023-09-27
2022-11-25,Los Angeles Kings,5,San Jose Sharks,2,149,2023-09-27
2022-11-25,St. Louis Blues,2,Tampa Bay Lightning,5,142,2023-09-27
2022-11-25,Seattle Kraken,4,Vegas Golden Knights,2,142,2023-09-27
2022-11-25,Calgary Flames,0,Washington Capitals,3,145,2023-09-27
2022-11-26,Calgary Flames,2,Carolina Hurricanes,3,149,2023-09-27
2022-11-26,Dallas Stars,1,Colorado Avalanche,4,160,2023-09-27
2022-11-26,St. Louis Blues,5,Florida Panthers,4,146,2023-09-27
2022-11-26,Washington Capitals,1,New Jersey Devils,5,147,2023-09-27
2022-11-26,Philadelphia Flyers,2,New York Islanders,5,138,2023-09-27
2022-11-26,Edmonton Oilers,4,New York Rangers,3,154,2023-09-27
2022-11-26,Toronto Maple Leafs,4,Pittsburgh Penguins,1,145,2023-09-27
2022-11-26,Vancouver Canucks,5,Vegas Golden Knights,1,150,2023-09-27
2022-11-27,Seattle Kraken,5,Anaheim Ducks,4,145,2023-09-27
2022-11-27,Winnipeg Jets,7,Chicago Blackhawks,2,143,2023-09-27
2022-11-27,Ottawa Senators,3,Los Angeles Kings,2,157,2023-09-27
2022-11-27,Arizona Coyotes,3,Minnesota Wild,4,151,2023-09-27
2022-11-27,Vancouver Canucks,4,San Jose Sharks,3,141,2023-09-27
2022-11-28,Tampa Bay Lightning,6,Buffalo Sabres,5,157,2023-09-27
2022-11-28,Vegas Golden Knights,3,Columbus Blue Jackets,2,164,2023-09-27
2022-11-28,Toronto Maple Leafs,4,Detroit Red Wings,2,144,2023-09-27
2022-11-28,Florida Panthers,3,Edmonton Oilers,4,156,2023-09-27
2022-11-28,New Jersey Devils,5,New York Rangers,3,144,2023-09-27
2022-11-28,Dallas Stars,4,St. Louis Blues,1,133,2023-09-27
2022-11-29,Tampa Bay Lightning,1,Boston Bruins,3,146,2023-09-27
2022-11-29,Florida Panthers,2,Calgary Flames,6,146,2023-09-27
2022-11-29,Seattle Kraken,9,Los Angeles Kings,8,151,2023-09-27
2022-11-29,San Jose Sharks,4,Montreal Canadiens,0,142,2023-09-27
2022-11-29,Anaheim Ducks,1,Nashville Predators,2,148,2023-09-27
2022-11-29,New York Islanders,1,Philadelphia Flyers,3,147,2023-09-27
2022-11-29,Carolina Hurricanes,3,Pittsburgh Penguins,2,146,2023-09-27
2022-11-29,Washington Capitals,5,Vancouver Canucks,1,138,2023-09-27
2022-11-29,Colorado Avalanche,0,Winnipeg Jets,5,144,2023-09-27
2022-11-30,Edmonton Oilers,5,Chicago Blackhawks,4,154,2023-09-27
2022-11-30,Buffalo Sabres,5,Detroit Red Wings,4,167,2023-09-27
2022-11-30,New York Rangers,3,Ottawa Senators,1,143,2023-09-27
2022-11-30,San Jose Sharks,1,Toronto Maple Leafs,3,141,2023-09-27
2022-12-01,Colorado Avalanche,6,Buffalo Sabres,4,152,2023-09-27
2022-12-01,Montreal Canadiens,2,Calgary Flames,1,153,2023-09-27
2022-12-01,Anaheim Ducks,0,Dallas Stars,5,147,2023-09-27
2022-12-01,Arizona Coyotes,3,Los Angeles Kings,5,145,2023-09-27
2022-12-01,Edmonton Oilers,3,Minnesota Wild,5,143,2023-09-27
2022-12-01,Nashville Predators,4,New Jersey Devils,3,146,2023-09-27
2022-12-01,Tampa Bay Lightning,4,Philadelphia Flyers,1,140,2023-09-27
2022-12-01,Vegas Golden Knights,3,Pittsburgh Penguins,4,148,2023-09-27
2022-12-01,Washington Capitals,2,Seattle Kraken,3,145,2023-09-27
2022-12-01,Carolina Hurricanes,6,St. Louis Blues,4,144,2023-09-27
2022-12-01,Florida Panthers,5,Vancouver Canucks,1,151,2023-09-27
2022-12-02,Nashville Predators,4,New York Islanders,1,150,2023-09-27
2022-12-02,Ottawa Senators,3,New York Rangers,2,165,2023-09-27
2022-12-02,Columbus Blue Jackets,4,Winnipeg Jets,1,151,2023-09-27
2022-12-03,Colorado Avalanche,1,Boston Bruins,5,160,2023-09-27
2022-12-03,Washington Capitals,2,Calgary Flames,5,150,2023-09-27
2022-12-03,Vegas Golden Knights,4,Detroit Red Wings,1,144,2023-09-27
2022-12-03,Montreal Canadiens,3,Edmonton Oilers,5,145,2023-09-27
2022-12-03,Carolina Hurricanes,4,Los Angeles Kings,2,147,2023-09-27
2022-12-03,Anaheim Ducks,4,Minnesota Wild,5,176,2023-09-27
2022-12-03,Chicago Blackhawks,5,New York Rangers,2,149,2023-09-27
2022-12-03,San Jose Sharks,2,Ottawa Senators,5,144,2023-09-27
2022-12-03,New Jersey Devils,3,Philadelphia Flyers,2,143,2023-09-27
2022-12-03,St. Louis Blues,2,Pittsburgh Penguins,6,148,2023-09-27
2022-12-03,Florida Panthers,5,Seattle Kraken,1,144,2023-09-27
2022-12-03,Toronto Maple Leafs,3,Tampa Bay Lightning,4,159,2023-09-27
2022-12-03,Arizona Coyotes,2,Vancouver Canucks,3,154,2023-09-27
2022-12-04,San Jose Sharks,3,Buffalo Sabres,6,142,2023-09-27
2022-12-04,Detroit Red Wings,4,Columbus Blue Jackets,2,148,2023-09-27
2022-12-04,Minnesota Wild,6,Dallas Stars,5,158,2023-09-27
2022-12-04,Chicago Blackhawks,0,New York Islanders,3,152,2023-09-27
2022-12-04,Anaheim Ducks,2,Winnipeg Jets,5,150,2023-09-27
2022-12-05,Vegas Golden Knights,4,Boston Bruins,3,166,2023-09-27
2022-12-05,Arizona Coyotes,2,Calgary Flames,3,143,2023-09-27
2022-12-05,Washington Capitals,3,Edmonton Oilers,2,144,2023-09-27
2022-12-05,St. Louis Blues,4,New York Rangers,6,150,2023-09-27
2022-12-05,Colorado Avalanche,3,Philadelphia Flyers,5,141,2023-09-27
2022-12-05,Montreal Canadiens,6,Vancouver Canucks,7,151,2023-09-27
2022-12-06,Carolina Hurricanes,3,Anaheim Ducks,4,149,2023-09-27
2022-12-06,Toronto Maple Leafs,4,Dallas Stars,0,142,2023-09-27
2022-12-06,Chicago Blackhawks,0,New Jersey Devils,3,138,2023-09-27
2022-12-06,St. Louis Blues,7,New York Islanders,4,146,2023-09-27
2022-12-06,Los Angeles Kings,5,Ottawa Senators,2,145,2023-09-27
2022-12-06,Columbus Blue Jackets,1,Pittsburgh Penguins,4,153,2023-09-27
2022-12-06,Montreal Canadiens,4,Seattle Kraken,2,148,2023-09-27
2022-12-06,Detroit Red Wings,4,Tampa Bay Lightning,2,143,2023-09-27
2022-12-06,Florida Panthers,2,Winnipeg Jets,5,146,2023-09-27
2022-12-07,Buffalo Sabres,9,Columbus Blue Jackets,4,145,2023-09-27
2022-12-07,Minnesota Wild,3,Calgary Flames,5,151,2023-09-27
2022-12-07,Boston Bruins,4,Colorado Avalanche,0,149,2023-09-27
2022-12-07,Arizona Coyotes,2,Edmonton Oilers,8,145,2023-09-27
2022-12-07,Washington Capitals,4,Philadelphia Flyers,1,145,2023-09-27
2022-12-07,Vancouver Canucks,6,San Jose Sharks,5,150,2023-09-27
2022-12-07,New York Rangers,5,Vegas Golden Knights,1,153,2023-09-27
2022-12-08,Ottawa Senators,3,Dallas Stars,4,160,2023-09-27
2022-12-08,Detroit Red Wings,1,Florida Panthers,5,147,2023-09-27
2022-12-08,Winnipeg Jets,5,St. Louis Blues,2,139,2023-09-27
2022-12-08,Nashville Predators,2,Tampa Bay Lightning,5,156,2023-09-27
2022-12-08,Los Angeles Kings,0,Toronto Maple Leafs,5,146,2023-09-27
2022-12-09,San Jose Sharks,6,Anaheim Ducks,1,148,2023-09-27
2022-12-09,Boston Bruins,3,Arizona Coyotes,4,148,2023-09-27
2022-12-09,Pittsburgh Penguins,4,Buffalo Sabres,3,149,2023-09-27
2022-12-09,Calgary Flames,1,Columbus Blue Jackets,3,148,2023-09-27
2022-12-09,Winnipeg Jets,3,Chicago Blackhawks,1,156,2023-09-27
2022-12-09,New York Rangers,2,Colorado Avalanche,1,150,2023-09-27
2022-12-09,Minnesota Wild,2,Edmonton Oilers,5,165,2023-09-27
2022-12-09,New York Islanders,6,New Jersey Devils,4,153,2023-09-27
2022-12-09,Philadelphia Flyers,1,Vegas Golden Knights,2,155,2023-09-27
2022-12-09,Seattle Kraken,1,Washington Capitals,4,145,2023-09-27
2022-12-10,Detroit Red Wings,2,Dallas Stars,3,151,2023-09-27
2022-12-10,Los Angeles Kings,4,Montreal Canadiens,2,144,2023-09-27
2022-12-10,Ottawa Senators,3,Nashville Predators,2,154,2023-09-27
2022-12-10,Carolina Hurricanes,3,New York Islanders,0,131,2023-09-27
2022-12-10,Buffalo Sabres,1,Pittsburgh Penguins,3,142,2023-09-27
2022-12-10,Florida Panthers,1,Tampa Bay Lightning,4,146,2023-09-27
2022-12-10,Calgary Flames,4,Toronto Maple Leafs,5,157,2023-09-27
2022-12-10,Minnesota Wild,3,Vancouver Canucks,0,141,2023-09-27
2022-12-11,Philadelphia Flyers,4,Arizona Coyotes,5,163,2023-09-27
2022-12-11,Los Angeles Kings,5,Columbus Blue Jackets,6,150,2023-09-27
2022-12-11,Seattle Kraken,5,Florida Panthers,2,148,2023-09-27
2022-12-11,Colorado Avalanche,3,St. Louis Blues,2,153,2023-09-27
2022-12-11,Boston Bruins,3,Vegas Golden Knights,1,148,2023-09-27
2022-12-11,Washington Capitals,5,Winnipeg Jets,2,142,2023-09-27
2022-12-12,Edmonton Oilers,1,Minnesota Wild,2,150,2023-09-27
2022-12-12,Calgary Flames,1,Montreal Canadiens,2,175,2023-09-27
2022-12-12,New Jersey Devils,3,New York Rangers,4,147,2023-09-27
2022-12-12,Anaheim Ducks,0,Ottawa Senators,3,151,2023-09-27
2022-12-12,Dallas Stars,1,Pittsburgh Penguins,2,143,2023-09-27
2022-12-12,Nashville Predators,0,St. Louis Blues,1,144,2023-09-27
2022-12-13,New York Islanders,3,Boston Bruins,4,162,2023-09-27
2022-12-13,Los Angeles Kings,0,Buffalo Sabres,6,149,2023-09-27
2022-12-13,Washington Capitals,7,Chicago Blackhawks,3,139,2023-09-27
2022-12-13,Philadelphia Flyers,2,Colorado Avalanche,3,146,2023-09-27
2022-12-13,Carolina Hurricanes,1,Detroit Red Wings,0,147,2023-09-27
2022-12-13,Columbus Blue Jackets,0,Florida Panthers,4,141,2023-09-27
2022-12-13,Dallas Stars,4,New Jersey Devils,1,146,2023-09-27
2022-12-13,Edmonton Oilers,6,Nashville Predators,3,148,2023-09-27
2022-12-13,Arizona Coyotes,2,San Jose Sharks,3,142,2023-09-27
2022-12-13,Seattle Kraken,2,Tampa Bay Lightning,6,154,2023-09-27
2022-12-13,Anaheim Ducks,0,Toronto Maple Leafs,7,152,2023-09-27
2022-12-13,Vegas Golden Knights,6,Winnipeg Jets,5,150,2023-09-27
2022-12-14,Vancouver Canucks,4,Calgary Flames,3,155,2023-09-27
2022-12-14,Detroit Red Wings,1,Minnesota Wild,4,143,2023-09-27
2022-12-14,Montreal Canadiens,2,Ottawa Senators,3,143,2023-09-27
2022-12-15,Los Angeles Kings,3,Boston Bruins,2,165,2023-09-27
2022-12-15,Seattle Kraken,2,Carolina Hurricanes,3,143,2023-09-27
2022-12-15,Vegas Golden Knights,4,Chicago Blackhawks,1,132,2023-09-27
2022-12-15,Buffalo Sabres,4,Colorado Avalanche,2,152,2023-09-27
2022-12-15,St. Louis Blues,4,Edmonton Oilers,3,160,2023-09-27
2022-12-15,Pittsburgh Penguins,4,Florida Panthers,2,153,2023-09-27
2022-12-15,Anaheim Ducks,5,Montreal Canadiens,2,146,2023-09-27
2022-12-15,Philadelphia Flyers,2,New Jersey Devils,1,146,2023-09-27
2022-12-15,Toronto Maple Leafs,1,New York Rangers,3,140,2023-09-27
2022-12-15,Columbus Blue Jackets,1,Tampa Bay Lightning,4,145,2023-09-27
2022-12-15,Nashville Predators,1,Winnipeg Jets,2,151,2023-09-27
2022-12-15,Dallas Stars,2,Washington Capitals,1,151,2023-09-27
2022-12-16,New York Islanders,4,Arizona Coyotes,5,159,2023-09-27
2022-12-16,St. Louis Blues,5,Calgary Flames,2,146,2023-09-27
2022-12-16,Chicago Blackhawks,1,Minnesota Wild,4,145,2023-09-27
2022-12-17,Buffalo Sabres,5,Arizona Coyotes,2,145,2023-09-27
2022-12-17,Columbus Blue Jackets,2,Boston Bruins,4,149,2023-09-27
2022-12-17,Dallas Stars,4,Carolina Hurricanes,5,162,2023-09-27
2022-12-17,Nashville Predators,1,Colorado Avalanche,3,142,2023-09-27
2022-12-17,Ottawa Senators,6,Detroit Red Wings,3,145,2023-09-27
2022-12-17,Anaheim Ducks,4,Edmonton Oilers,3,157,2023-09-27
2022-12-17,San Jose Sharks,2,Los Angeles Kings,3,159,2023-09-27
2022-12-17,Tampa Bay Lightning,5,Montreal Canadiens,1,143,2023-09-27
2022-12-17,Florida Panthers,4,New Jersey Devils,2,149,2023-09-27
2022-12-17,New York Rangers,6,Philadelphia Flyers,3,146,2023-09-27
2022-12-17,Winnipeg Jets,5,Vancouver Canucks,1,140,2023-09-27
2022-12-17,New York Islanders,5,Vegas Golden Knights,2,148,2023-09-27
2022-12-17,Toronto Maple Leafs,2,Washington Capitals,5,140,2023-09-27
2022-12-18,Pittsburgh Penguins,2,Carolina Hurricanes,3,142,2023-09-27
2022-12-18,New York Rangers,7,Chicago Blackhawks,1,137,2023-09-27
2022-12-18,Ottawa Senators,2,Minnesota Wild,4,142,2023-09-27
2022-12-18,Winnipeg Jets,2,Seattle Kraken,3,142,2023-09-27
2022-12-18,Calgary Flames,5,San Jose Sharks,2,154,2023-09-27
2022-12-19,Montreal Canadiens,3,Arizona Coyotes,2,148,2023-09-27
2022-12-19,Florida Panthers,3,Boston Bruins,7,152,2023-09-27
2022-12-19,Dallas Stars,2,Columbus Blue Jackets,1,142,2023-09-27
2022-12-19,New York Islanders,0,Colorado Avalanche,1,161,2023-09-27
2022-12-19,Edmonton Oilers,3,Nashville Predators,4,143,2023-09-27
2022-12-19,St. Louis Blues,5,Vancouver Canucks,1,136,2023-09-27
2022-12-19,Buffalo Sabres,3,Vegas Golden Knights,2,155,2023-09-27
2022-12-19,Detroit Red Wings,3,Washington Capitals,4,153,2023-09-27
2022-12-20,New Jersey Devils,1,Carolina Hurricanes,4,146,2023-09-27
2022-12-20,Anaheim Ducks,1,Los Angeles Kings,4,146,2023-09-27
2022-12-20,Columbus Blue Jackets,3,Philadelphia Flyers,5,142,2023-09-27
2022-12-20,New York Rangers,2,Pittsburgh Penguins,3,147,2023-09-27
2022-12-20,St. Louis Blues,2,Seattle Kraken,5,140,2023-09-27
2022-12-20,Calgary Flames,7,San Jose Sharks,3,148,2023-09-27
2022-12-20,Tampa Bay Lightning,1,Toronto Maple Leafs,4,142,2023-09-27
2022-12-20,Ottawa Senators,1,Winnipeg Jets,5,139,2023-09-27
2022-12-21,Minnesota Wild,4,Anaheim Ducks,1,148,2023-09-27
2022-12-21,Nashville Predators,4,Chicago Blackhawks,2,140,2023-09-27
2022-12-21,Montreal Canadiens,1,Colorado Avalanche,2,147,2023-09-27
2022-12-21,Edmonton Oilers,6,Dallas Stars,3,147,2023-09-27
2022-12-21,Tampa Bay Lightning,4,Detroit Red Wings,7,153,2023-09-27
2022-12-21,New Jersey Devils,4,Florida Panthers,2,150,2023-09-27
2022-12-21,Arizona Coyotes,2,Vegas Golden Knights,5,147,2023-09-27
2022-12-22,Winnipeg Jets,2,Boston Bruins,3,145,2023-09-27
2022-12-22,Calgary Flames,3,Los Angeles Kings,4,147,2023-09-27
2022-12-22,New York Islanders,3,New York Rangers,5,146,2023-09-27
2022-12-22,Washington Capitals,3,Ottawa Senators,2,152,2023-09-27
2022-12-22,Carolina Hurricanes,4,Pittsburgh Penguins,3,154,2023-09-27
2022-12-22,Minnesota Wild,2,San Jose Sharks,5,148,2023-09-27
2022-12-22,Philadelphia Flyers,3,Toronto Maple Leafs,4,144,2023-09-27
2022-12-22,Seattle Kraken,5,Vancouver Canucks,6,159,2023-09-27
2022-12-23,Calgary Flames,3,Anaheim Ducks,2,150,2023-09-27
2022-12-23,Los Angeles Kings,1,Arizona Coyotes,2,152,2023-09-27
2022-12-23,Philadelphia Flyers,5,Carolina Hurricanes,6,154,2023-09-27
2022-12-23,Columbus Blue Jackets,2,Chicago Blackhawks,5,156,2023-09-27
2022-12-23,Montreal Canadiens,2,Dallas Stars,4,152,2023-09-27
2022-12-23,Vancouver Canucks,5,Edmonton Oilers,2,142,2023-09-27
2022-12-23,Boston Bruins,4,New Jersey Devils,3,140,2023-09-27
2022-12-23,Colorado Avalanche,3,Nashville Predators,2,156,2023-09-27
2022-12-23,Florida Panthers,1,New York Islanders,5,144,2023-09-27
2022-12-23,St. Louis Blues,4,Vegas Golden Knights,5,150,2023-09-27
2022-12-23,Winnipeg Jets,1,Washington Capitals,4,154,2023-09-27
2022-12-27,Colorado Avalanche,3,Arizona Coyotes,6,142,2023-09-27
2022-12-27,Chicago Blackhawks,0,Carolina Hurricanes,3,138,2023-09-27
2022-12-27,Edmonton Oilers,2,Calgary Flames,1,144,2023-09-27
2022-12-27,Vegas Golden Knights,2,Los Angeles Kings,4,139,2023-09-27
2022-12-27,Dallas Stars,3,Nashville Predators,2,146,2023-09-27
2022-12-27,Pittsburgh Penguins,1,New York Islanders,5,144,2023-09-27
2022-12-27,Washington Capitals,4,New York Rangers,0,147,2023-09-27
2022-12-27,Boston Bruins,2,Ottawa Senators,3,164,2023-09-27
2022-12-27,Toronto Maple Leafs,5,St. Louis Blues,4,149,2023-09-27
2022-12-27,San Jose Sharks,2,Vancouver Canucks,6,139,2023-09-27
2022-12-27,Minnesota Wild,4,Winnipeg Jets,1,145,2023-09-27
2022-12-28,Vegas Golden Knights,2,Anaheim Ducks,3,160,2023-09-27
2022-12-28,Boston Bruins,3,New Jersey Devils,1,145,2023-09-27
2022-12-28,Detroit Red Wings,5,Pittsburgh Penguins,4,147,2023-09-27
2022-12-28,Calgary Flames,3,Seattle Kraken,2,148,2023-09-27
2022-12-28,Montreal Canadiens,1,Tampa Bay Lightning,4,151,2023-09-27
2022-12-29,Toronto Maple Leafs,3,Arizona Coyotes,6,144,2023-09-27
2022-12-29,Detroit Red Wings,3,Buffalo Sabres,6,149,2023-09-27
2022-12-29,Los Angeles Kings,5,Colorado Avalanche,4,159,2023-09-27
2022-12-29,Montreal Canadiens,2,Florida Panthers,7,155,2023-09-27
2022-12-29,Dallas Stars,4,Minnesota Wild,1,154,2023-09-27
2022-12-29,Columbus Blue Jackets,1,New York Islanders,2,147,2023-09-27
2022-12-29,Philadelphia Flyers,4,San Jose Sharks,3,143,2023-09-27
2022-12-29,Chicago Blackhawks,1,St. Louis Blues,3,136,2023-09-27
2022-12-29,New York Rangers,1,Tampa Bay Lightning,2,166,2023-09-27
2022-12-29,Vancouver Canucks,2,Winnipeg Jets,4,143,2023-09-27
2022-12-29,Ottawa Senators,4,Washington Capitals,3,150,2023-09-27
2022-12-30,Nashville Predators,6,Anaheim Ducks,1,139,2023-09-27
2022-12-30,Florida Panthers,0,Carolina Hurricanes,4,152,2023-09-27
2022-12-30,New Jersey Devils,4,Pittsburgh Penguins,2,156,2023-09-27
2022-12-30,Edmonton Oilers,7,Seattle Kraken,2,147,2023-09-27
2022-12-31,Buffalo Sabres,4,Boston Bruins,3,161,2023-09-27
2022-12-31,Chicago Blackhawks,1,Columbus Blue Jackets,4,149,2023-09-27
2022-12-31,Vancouver Canucks,2,Calgary Flames,3,150,2023-09-27
2022-12-31,Toronto Maple Leafs,6,Colorado Avalanche,2,139,2023-09-27
2022-12-31,San Jose Sharks,2,Dallas Stars,5,141,2023-09-27
2022-12-31,Ottawa Senators,2,Detroit Red Wings,4,143,2023-09-27
2022-12-31,Winnipeg Jets,2,Edmonton Oilers,1,143,2023-09-27
2022-12-31,Philadelphia Flyers,4,Los Angeles Kings,2,145,2023-09-27
2022-12-31,Minnesota Wild,5,St. Louis Blues,2,146,2023-09-27
2022-12-31,Arizona Coyotes,3,Tampa Bay Lightning,5,147,2023-09-27
2022-12-31,Nashville Predators,4,Vegas Golden Knights,5,159,2023-09-27
2022-12-31,Montreal Canadiens,2,Washington Capitals,9,157,2023-09-27
2023-01-01,San Jose Sharks,5,Chicago Blackhawks,2,137,2023-09-27
2023-01-01,New York Rangers,5,Florida Panthers,3,147,2023-09-27
2023-01-01,Carolina Hurricanes,5,New Jersey Devils,4,168,2023-09-27
2023-01-01,Buffalo Sabres,1,Ottawa Senators,3,144,2023-09-27
2023-01-01,New York Islanders,1,Seattle Kraken,4,149,2023-09-27
2023-01-02,Philadelphia Flyers,4,Anaheim Ducks,1,138,2023-09-27
2023-01-02,Pittsburgh Penguins,1,Boston Bruins,2,162,2023-09-27
2023-01-02,Vegas Golden Knights,3,Colorado Avalanche,2,148,2023-09-27
2023-01-03,Tampa Bay Lightning,4,Chicago Blackhawks,1,149,2023-09-27
2023-01-03,Seattle Kraken,5,Edmonton Oilers,2,149,2023-09-27
2023-01-03,Arizona Coyotes,3,Florida Panthers,5,151,2023-09-27
2023-01-03,Dallas Stars,2,Los Angeles Kings,3,142,2023-09-27
2023-01-03,Montreal Canadiens,3,Nashville Predators,6,148,2023-09-27
2023-01-03,Carolina Hurricanes,3,New York Rangers,5,148,2023-09-27
2023-01-03,Columbus Blue Jackets,0,Ottawa Senators,4,147,2023-09-27
2023-01-03,St. Louis Blues,6,Toronto Maple Leafs,5,156,2023-09-27
2023-01-03,New York Islanders,6,Vancouver Canucks,2,140,2023-09-27
2023-01-03,Calgary Flames,2,Winnipeg Jets,3,146,2023-09-27
2023-01-03,Buffalo Sabres,5,Washington Capitals,4,155,2023-09-27
2023-01-04,Dallas Stars,0,Anaheim Ducks,2,150,2023-09-27
2023-01-04,New Jersey Devils,5,Detroit Red Wings,1,147,2023-09-27
2023-01-04,Tampa Bay Lightning,1,Minnesota Wild,5,152,2023-09-27
2023-01-05,Nashville Predators,5,Carolina Hurricanes,3,155,2023-09-27
2023-01-05,Washington Capitals,6,Columbus Blue Jackets,2,140,2023-09-27
2023-01-05,New York Islanders,2,Edmonton Oilers,4,144,2023-09-27
2023-01-05,Boston Bruins,5,Los Angeles Kings,2,141,2023-09-27
2023-01-05,New York Rangers,4,Montreal Canadiens,1,142,2023-09-27
2023-01-05,St. Louis Blues,5,New Jersey Devils,3,134,2023-09-27
2023-01-05,Arizona Coyotes,2,Philadelphia Flyers,6,138,2023-09-27
2023-01-05,Seattle Kraken,5,Toronto Maple Leafs,1,141,2023-09-27
2023-01-05,Colorado Avalanche,2,Vancouver Canucks,4,153,2023-09-27
2023-01-05,Pittsburgh Penguins,2,Vegas Golden Knights,5,147,2023-09-27
2023-01-06,San Jose Sharks,4,Anaheim Ducks,5,155,2023-09-27
2023-01-06,New York Islanders,1,Calgary Flames,4,141,2023-09-27
2023-01-06,Arizona Coyotes,0,Chicago Blackhawks,2,138,2023-09-27
2023-01-06,Florida Panthers,3,Detroit Red Wings,2,147,2023-09-27
2023-01-06,Tampa Bay Lightning,2,Winnipeg Jets,4,143,2023-09-27
2023-01-06,Nashville Predators,3,Washington Capitals,2,147,2023-09-27
2023-01-07,Minnesota Wild,5,Buffalo Sabres,6,154,2023-09-27
2023-01-07,Carolina Hurricanes,3,Columbus Blue Jackets,4,162,2023-09-27
2023-01-07,Colorado Avalanche,3,Edmonton Oilers,2,159,2023-09-27
2023-01-07,St. Louis Blues,4,Montreal Canadiens,5,142,2023-09-27
2023-01-07,New York Rangers,3,New Jersey Devils,4,151,2023-09-27
2023-01-07,Seattle Kraken,8,Ottawa Senators,4,152,2023-09-27
2023-01-07,Boston Bruins,4,San Jose Sharks,2,147,2023-09-27
2023-01-07,Detroit Red Wings,1,Toronto Maple Leafs,4,145,2023-09-27
2023-01-07,Los Angeles Kings,5,Vegas Golden Knights,1,144,2023-09-27
2023-01-08,Boston Bruins,7,Anaheim Ducks,1,147,2023-09-27
2023-01-08,Pittsburgh Penguins,4,Arizona Coyotes,1,138,2023-09-27
2023-01-08,Calgary Flames,3,Chicago Blackhawks,4,153,2023-09-27
2023-01-08,Florida Panthers,1,Dallas Stars,5,149,2023-09-27
2023-01-08,St. Louis Blues,3,Minnesota Wild,0,139,2023-09-27
2023-01-08,Toronto Maple Leafs,6,Philadelphia Flyers,2,145,2023-09-27
2023-01-08,Vancouver Canucks,4,Winnipeg Jets,7,143,2023-09-27
2023-01-08,Columbus Blue Jackets,0,Washington Capitals,1,140,2023-09-27
2023-01-09,Philadelphia Flyers,4,Buffalo Sabres,0,141,2023-09-27
2023-01-09,Edmonton Oilers,3,Los Angeles Kings,6,162,2023-09-27
2023-01-09,Seattle Kraken,4,Montreal Canadiens,0,140,2023-09-27
2023-01-09,Nashville Predators,3,Ottawa Senators,0,154,2023-09-27
2023-01-10,San Jose Sharks,4,Arizona Coyotes,2,141,2023-09-27
2023-01-10,Seattle Kraken,4,Buffalo Sabres,3,149,2023-09-27
2023-01-10,New Jersey Devils,5,Carolina Hurricanes,3,153,2023-09-27
2023-01-10,Florida Panthers,5,Colorado Avalanche,4,159,2023-09-27
2023-01-10,Winnipeg Jets,5,Detroit Red Wings,7,154,2023-09-27
2023-01-10,Dallas Stars,2,New York Islanders,1,154,2023-09-27
2023-01-10,Minnesota Wild,3,New York Rangers,4,167,2023-09-27
2023-01-10,Vancouver Canucks,4,Pittsburgh Penguins,5,146,2023-09-27
2023-01-10,Calgary Flames,3,St. Louis Blues,4,143,2023-09-27
2023-01-10,Columbus Blue Jackets,3,Tampa Bay Lightning,6,141,2023-09-27
2023-01-11,Edmonton Oilers,6,Anaheim Ducks,2,148,2023-09-27
2023-01-11,San Jose Sharks,3,Los Angeles Kings,4,144,2023-09-27
2023-01-11,Washington Capitals,3,Philadelphia Flyers,5,151,2023-09-27
2023-01-11,Nashville Predators,1,Toronto Maple Leafs,2,144,2023-09-27
2023-01-12,Ottawa Senators,5,Arizona Coyotes,3,150,2023-09-27
2023-01-12,Seattle Kraken,3,Boston Bruins,0,137,2023-09-27
2023-01-12,Winnipeg Jets,4,Buffalo Sabres,2,146,2023-09-27
2023-01-12,Carolina Hurricanes,6,Columbus Blue Jackets,2,152,2023-09-27
2023-01-12,Colorado Avalanche,2,Chicago Blackhawks,3,151,2023-09-27
2023-01-12,Toronto Maple Leafs,1,Detroit Red Wings,4,143,2023-09-27
2023-01-12,Nashville Predators,3,Montreal Canadiens,4,148,2023-09-27
2023-01-12,Minnesota Wild,3,New York Islanders,1,149,2023-09-27
2023-01-12,Dallas Stars,1,New York Rangers,2,144,2023-09-27
2023-01-12,Calgary Flames,4,St. Louis Blues,1,141,2023-09-27
2023-01-12,Vancouver Canucks,4,Tampa Bay Lightning,5,159,2023-09-27
2023-01-12,Florida Panthers,2,Vegas Golden Knights,4,162,2023-09-27
2023-01-13,New Jersey Devils,6,Anaheim Ducks,2,146,2023-09-27
2023-01-13,Winnipeg Jets,4,Pittsburgh Penguins,1,150,2023-09-27
2023-01-13,Edmonton Oilers,7,San Jose Sharks,1,145,2023-09-27
2023-01-14,Toronto Maple Leafs,3,Boston Bruins,4,153,2023-09-27
2023-01-14,Pittsburgh Penguins,1,Carolina Hurricanes,2,144,2023-09-27
2023-01-14,Seattle Kraken,8,Chicago Blackhawks,5,148,2023-09-27
2023-01-14,Ottawa Senators,0,Colorado Avalanche,7,149,2023-09-27
2023-01-14,Calgary Flames,6,Dallas Stars,5,154,2023-09-27
2023-01-14,Columbus Blue Jackets,4,Detroit Red Wings,3,140,2023-09-27
2023-01-14,Vancouver Canucks,3,Florida Panthers,4,147,2023-09-27
2023-01-14,New Jersey Devils,5,Los Angeles Kings,2,158,2023-09-27
2023-01-14,Arizona Coyotes,1,Minnesota Wild,2,146,2023-09-27
2023-01-14,Buffalo Sabres,5,Nashville Predators,3,151,2023-09-27
2023-01-14,Montreal Canadiens,1,New York Islanders,2,144,2023-09-27
2023-01-14,Tampa Bay Lightning,4,St. Louis Blues,2,143,2023-09-27
2023-01-14,Edmonton Oilers,4,Vegas Golden Knights,3,147,2023-09-27
2023-01-14,Philadelphia Flyers,3,Washington Capitals,1,145,2023-09-27
2023-01-15,Vancouver Canucks,4,Carolina Hurricanes,3,159,2023-09-27
2023-01-15,Montreal Canadiens,2,New York Rangers,1,142,2023-09-27
2023-01-15,Arizona Coyotes,1,Winnipeg Jets,2,138,2023-09-27
2023-01-16,Philadelphia Flyers,0,Boston Bruins,6,154,2023-09-27
2023-01-16,Florida Panthers,4,Buffalo Sabres,1,144,2023-09-27
2023-01-16,New York Rangers,3,Columbus Blue Jackets,1,145,2023-09-27
2023-01-16,Detroit Red Wings,3,Colorado Avalanche,6,146,2023-09-27
2023-01-16,Calgary Flames,1,Nashville Predators,2,149,2023-09-27
2023-01-16,Washington Capitals,4,New York Islanders,3,152,2023-09-27
2023-01-16,Anaheim Ducks,3,Pittsburgh Penguins,4,147,2023-09-27
2023-01-16,Tampa Bay Lightning,4,Seattle Kraken,1,138,2023-09-27
2023-01-16,New Jersey Devils,4,San Jose Sharks,3,158,2023-09-27
2023-01-16,Ottawa Senators,1,St. Louis Blues,2,145,2023-09-27
2023-01-16,Dallas Stars,4,Vegas Golden Knights,0,145,2023-09-27
2023-01-17,Detroit Red Wings,3,Arizona Coyotes,4,156,2023-09-27
2023-01-17,Buffalo Sabres,3,Chicago Blackhawks,4,144,2023-09-27
2023-01-17,Seattle Kraken,2,Edmonton Oilers,5,146,2023-09-27
2023-01-17,Winnipeg Jets,1,Montreal Canadiens,4,144,2023-09-27
2023-01-17,Columbus Blue Jackets,1,Nashville Predators,2,139,2023-09-27
2023-01-17,Anaheim Ducks,2,Philadelphia Flyers,5,145,2023-09-27
2023-01-17,Florida Panthers,4,Toronto Maple Leafs,5,159,2023-09-27
2023-01-17,Minnesota Wild,4,Washington Capitals,2,144,2023-09-27
2023-01-18,Colorado Avalanche,4,Calgary Flames,1,143,2023-09-27
2023-01-18,Boston Bruins,4,New York Islanders,1,142,2023-09-27
2023-01-18,Pittsburgh Penguins,4,Ottawa Senators,5,149,2023-09-27
2023-01-18,Dallas Stars,3,San Jose Sharks,5,145,2023-09-27
2023-01-18,Tampa Bay Lightning,5,Vancouver Canucks,2,145,2023-09-27
2023-01-19,Washington Capitals,4,Arizona Coyotes,0,146,2023-09-27
2023-01-19,New York Islanders,2,Buffalo Sabres,3,146,2023-09-27
2023-01-19,Minnesota Wild,2,Carolina Hurricanes,5,153,2023-09-27
2023-01-19,Anaheim Ducks,5,Columbus Blue Jackets,3,145,2023-09-27
2023-01-19,Tampa Bay Lightning,3,Edmonton Oilers,5,156,2023-09-27
2023-01-19,Dallas Stars,4,Los Angeles Kings,0,145,2023-09-27
2023-01-19,Florida Panthers,6,Montreal Canadiens,2,156,2023-09-27
2023-01-19,Boston Bruins,3,New York Rangers,1,145,2023-09-27
2023-01-19,Chicago Blackhawks,4,Philadelphia Flyers,1,148,2023-09-27
2023-01-19,New Jersey Devils,3,Seattle Kraken,4,154,2023-09-27
2023-01-19,Nashville Predators,2,St. Louis Blues,5,140,2023-09-27
2023-01-19,Winnipeg Jets,1,Toronto Maple Leafs,4,143,2023-09-27
2023-01-19,Detroit Red Wings,3,Vegas Golden Knights,2,147,2023-09-27
2023-01-20,Ottawa Senators,1,Pittsburgh Penguins,4,149,2023-09-27
2023-01-20,Colorado Avalanche,4,Vancouver Canucks,1,144,2023-09-27
2023-01-21,Anaheim Ducks,3,Buffalo Sabres,6,142,2023-09-27
2023-01-21,San Jose Sharks,3,Columbus Blue Jackets,5,142,2023-09-27
2023-01-21,Tampa Bay Lightning,3,Calgary Flames,6,153,2023-09-27
2023-01-21,Arizona Coyotes,0,Dallas Stars,4,138,2023-09-27
2023-01-21,Philadelphia Flyers,2,Detroit Red Wings,1,151,2023-09-27
2023-01-21,Minnesota Wild,3,Florida Panthers,5,151,2023-09-27
2023-01-21,Toronto Maple Leafs,2,Montreal Canadiens,3,147,2023-09-27
2023-01-21,Los Angeles Kings,3,Nashville Predators,5,148,2023-09-27
2023-01-21,Carolina Hurricanes,5,New York Islanders,2,148,2023-09-27
2023-01-21,Winnipeg Jets,5,Ottawa Senators,1,144,2023-09-27
2023-01-21,Colorado Avalanche,2,Seattle Kraken,1,152,2023-09-27
2023-01-21,Chicago Blackhawks,5,St. Louis Blues,3,144,2023-09-27
2023-01-21,Edmonton Oilers,4,Vancouver Canucks,2,147,2023-09-27
2023-01-21,Washington Capitals,2,Vegas Golden Knights,6,143,2023-09-27
2023-01-22,Vegas Golden Knights,1,Arizona Coyotes,4,149,2023-09-27
2023-01-22,San Jose Sharks,0,Boston Bruins,4,151,2023-09-27
2023-01-22,Los Angeles Kings,2,Chicago Blackhawks,1,136,2023-09-27
2023-01-22,Pittsburgh Penguins,1,New Jersey Devils,2,145,2023-09-27
2023-01-22,Winnipeg Jets,5,Philadelphia Flyers,3,145,2023-09-27
2023-01-23,Columbus Blue Jackets,3,Calgary Flames,4,159,2023-09-27
2023-01-23,Buffalo Sabres,3,Dallas Stars,2,144,2023-09-27
2023-01-23,Florida Panthers,2,New York Rangers,6,154,2023-09-27
2023-01-23,New York Islanders,2,Toronto Maple Leafs,5,143,2023-09-27
2023-01-24,Anaheim Ducks,5,Arizona Coyotes,2,150,2023-09-27
2023-01-24,Washington Capitals,2,Colorado Avalanche,3,146,2023-09-27
2023-01-24,San Jose Sharks,2,Detroit Red Wings,3,150,2023-09-27
2023-01-24,Boston Bruins,4,Montreal Canadiens,2,154,2023-09-27
2023-01-24,Vegas Golden Knights,2,New Jersey Devils,3,155,2023-09-27
2023-01-24,Winnipeg Jets,1,Nashville Predators,2,143,2023-09-27
2023-01-24,Los Angeles Kings,4,Philadelphia Flyers,3,153,2023-09-27
2023-01-24,Florida Panthers,6,Pittsburgh Penguins,7,153,2023-09-27
2023-01-24,Buffalo Sabres,5,St. Louis Blues,3,143,2023-09-27
2023-01-24,Minnesota Wild,2,Tampa Bay Lightning,4,151,2023-09-27
2023-01-24,Chicago Blackhawks,2,Vancouver Canucks,5,141,2023-09-27
2023-01-25,Carolina Hurricanes,3,Dallas Stars,2,149,2023-09-27
2023-01-25,Columbus Blue Jackets,3,Edmonton Oilers,2,144,2023-09-27
2023-01-25,New York Islanders,1,Ottawa Senators,2,144,2023-09-27
2023-01-25,Vancouver Canucks,1,Seattle Kraken,6,145,2023-09-27
2023-01-25,New York Rangers,2,Toronto Maple Leafs,3,144,2023-09-27
2023-01-26,St. Louis Blues,0,Arizona Coyotes,5,144,2023-09-27
2023-01-26,Chicago Blackhawks,5,Calgary Flames,1,141,2023-09-27
2023-01-26,Anaheim Ducks,5,Colorado Avalanche,3,150,2023-09-27
2023-01-26,Philadelphia Flyers,2,Minnesota Wild,3,160,2023-09-27
2023-01-26,Detroit Red Wings,4,Montreal Canadiens,3,155,2023-09-27
2023-01-26,New Jersey Devils,4,Nashville Predators,6,151,2023-09-27
2023-01-26,Boston Bruins,2,Tampa Bay Lightning,3,160,2023-09-27
2023-01-26,Buffalo Sabres,3,Winnipeg Jets,2,143,2023-09-27
2023-01-26,Pittsburgh Penguins,2,Washington Capitals,3,162,2023-09-27
2023-01-27,San Jose Sharks,4,Carolina Hurricanes,5,150,2023-09-27
2023-01-27,New Jersey Devils,3,Dallas Stars,2,149,2023-09-27
2023-01-27,Los Angeles Kings,4,Florida Panthers,3,150,2023-09-27
2023-01-27,Detroit Red Wings,0,New York Islanders,2,143,2023-09-27
2023-01-27,Vegas Golden Knights,1,New York Rangers,4,145,2023-09-27
2023-01-27,Calgary Flames,5,Seattle Kraken,2,152,2023-09-27
2023-01-27,Ottawa Senators,6,Toronto Maple Leafs,2,147,2023-09-27
2023-01-27,Columbus Blue Jackets,2,Vancouver Canucks,5,144,2023-09-27
2023-01-28,Arizona Coyotes,1,Anaheim Ducks,2,159,2023-09-27
2023-01-28,St. Louis Blues,2,Colorado Avalanche,4,148,2023-09-27
2023-01-28,Chicago Blackhawks,3,Edmonton Oilers,7,153,2023-09-27
2023-01-28,Boston Bruins,3,Florida Panthers,4,161,2023-09-27
2023-01-28,Buffalo Sabres,2,Minnesota Wild,3,156,2023-09-27
2023-01-28,Vegas Golden Knights,1,New York Islanders,2,152,2023-09-27
2023-01-28,Montreal Canadiens,0,Ottawa Senators,5,140,2023-09-27
2023-01-28,San Jose Sharks,6,Pittsburgh Penguins,4,148,2023-09-27
2023-01-28,Columbus Blue Jackets,1,Seattle Kraken,3,150,2023-09-27
2023-01-28,Los Angeles Kings,2,Tampa Bay Lightning,5,149,2023-09-27
2023-01-28,Philadelphia Flyers,4,Winnipeg Jets,0,148,2023-09-27
2023-01-29,Boston Bruins,1,Carolina Hurricanes,4,151,2023-09-27
2023-01-29,Washington Capitals,1,Toronto Maple Leafs,5,139,2023-09-27
2023-01-30,St. Louis Blues,2,Winnipeg Jets,4,150,2023-09-27
2023-01-31,Los Angeles Kings,4,Carolina Hurricanes,5,155,2023-09-27
2023-01-31,Washington Capitals,4,Columbus Blue Jackets,3,156,2023-09-27
2023-01-31,Ottawa Senators,5,Montreal Canadiens,4,150,2023-09-27
2023-02-01,Carolina Hurricanes,5,Buffalo Sabres,1,140,2023-09-27
2023-02-01,Boston Bruins,5,Toronto Maple Leafs,2,149,2023-09-27
2023-02-06,Minnesota Wild,2,Arizona Coyotes,3,146,2023-09-27
2023-02-06,Anaheim Ducks,2,Dallas Stars,3,161,2023-09-27
2023-02-06,Tampa Bay Lightning,1,Florida Panthers,7,151,2023-09-27
2023-02-06,Vancouver Canucks,4,New Jersey Devils,5,152,2023-09-27
2023-02-06,Calgary Flames,4,New York Rangers,5,162,2023-09-27
2023-02-06,New York Islanders,2,Philadelphia Flyers,1,138,2023-09-27
2023-02-07,Anaheim Ducks,3,Chicago Blackhawks,2,141,2023-09-27
2023-02-07,Edmonton Oilers,5,Detroit Red Wings,2,155,2023-09-27
2023-02-07,Vegas Golden Knights,5,Nashville Predators,1,142,2023-09-27
2023-02-07,Seattle Kraken,0,New York Islanders,4,141,2023-09-27
2023-02-07,Colorado Avalanche,1,Pittsburgh Penguins,2,155,2023-09-27
2023-02-07,San Jose Sharks,4,Tampa Bay Lightning,3,159,2023-09-27
2023-02-08,Minnesota Wild,1,Dallas Stars,4,145,2023-09-27
2023-02-08,Vancouver Canucks,3,New York Rangers,4,144,2023-09-27
2023-02-09,Calgary Flames,1,Detroit Red Wings,2,140,2023-09-27
2023-02-09,San Jose Sharks,1,Florida Panthers,4,152,2023-09-27
2023-02-09,Vegas Golden Knights,5,Minnesota Wild,1,154,2023-09-27
2023-02-09,Seattle Kraken,1,New Jersey Devils,3,145,2023-09-27
2023-02-09,Vancouver Canucks,6,New York Islanders,5,145,2023-09-27
2023-02-09,Edmonton Oilers,1,Philadelphia Flyers,2,153,2023-09-27
2023-02-09,Colorado Avalanche,0,Tampa Bay Lightning,5,158,2023-09-27
2023-02-10,Pittsburgh Penguins,6,Anaheim Ducks,3,150,2023-09-27
2023-02-10,Toronto Maple Leafs,3,Columbus Blue Jackets,0,141,2023-09-27
2023-02-10,Arizona Coyotes,3,Chicago Blackhawks,4,145,2023-09-27
2023-02-10,Seattle Kraken,3,New York Rangers,6,152,2023-09-27
2023-02-11,Washington Capitals,2,Boston Bruins,1,155,2023-09-27
2023-02-11,Calgary Flames,7,Buffalo Sabres,2,145,2023-09-27
2023-02-11,New York Rangers,6,Carolina Hurricanes,2,145,2023-09-27
2023-02-11,Tampa Bay Lightning,3,Dallas Stars,1,141,2023-09-27
2023-02-11,Vancouver Canucks,2,Detroit Red Wings,5,144,2023-09-27
2023-02-11,Colorado Avalanche,5,Florida Panthers,3,156,2023-09-27
2023-02-11,Pittsburgh Penguins,0,Los Angeles Kings,6,142,2023-09-27
2023-02-11,New Jersey Devils,2,Minnesota Wild,3,160,2023-09-27
2023-02-11,New York Islanders,3,Montreal Canadiens,4,147,2023-09-27
2023-02-11,Edmonton Oilers,6,Ottawa Senators,3,156,2023-09-27
2023-02-11,Nashville Predators,2,Philadelphia Flyers,1,148,2023-09-27
2023-02-11,Arizona Coyotes,5,St. Louis Blues,6,154,2023-09-27
2023-02-11,Columbus Blue Jackets,4,Toronto Maple Leafs,3,148,2023-09-27
2023-02-11,Chicago Blackhawks,1,Winnipeg Jets,4,146,2023-09-27
2023-02-12,Edmonton Oilers,2,Montreal Canadiens,6,147,2023-09-27
2023-02-12,Seattle Kraken,4,Philadelphia Flyers,3,139,2023-09-27
2023-02-12,Anaheim Ducks,2,Vegas Golden Knights,7,141,2023-09-27
2023-02-12,San Jose Sharks,4,Washington Capitals,1,141,2023-09-27
2023-02-13,Buffalo Sabres,2,Los Angeles Kings,5,146,2023-09-27
2023-02-13,Florida Panthers,2,Minnesota Wild,1,164,2023-09-27
2023-02-13,Arizona Coyotes,4,Nashville Predators,2,142,2023-09-27
2023-02-13,Calgary Flames,3,Ottawa Senators,4,149,2023-09-27
2023-02-13,Detroit Red Wings,6,Vancouver Canucks,1,141,2023-09-27
2023-02-14,New Jersey Devils,3,Columbus Blue Jackets,2,140,2023-09-27
2023-02-14,Tampa Bay Lightning,4,Colorado Avalanche,3,157,2023-09-27
2023-02-14,Boston Bruins,3,Dallas Stars,2,158,2023-09-27
2023-02-14,Chicago Blackhawks,0,Montreal Canadiens,4,143,2023-09-27
2023-02-14,Ottawa Senators,3,New York Islanders,2,157,2023-09-27
2023-02-14,Pittsburgh Penguins,3,San Jose Sharks,1,132,2023-09-27
2023-02-14,Florida Panthers,2,St. Louis Blues,6,143,2023-09-27
2023-02-14,Seattle Kraken,2,Winnipeg Jets,3,156,2023-09-27
2023-02-14,Carolina Hurricanes,3,Washington Capitals,2,156,2023-09-27
2023-02-15,Buffalo Sabres,7,Anaheim Ducks,3,147,2023-09-27
2023-02-15,Tampa Bay Lightning,0,Arizona Coyotes,1,154,2023-09-27
2023-02-15,Detroit Red Wings,5,Edmonton Oilers,4,164,2023-09-27
2023-02-15,Colorado Avalanche,3,Minnesota Wild,2,146,2023-09-27
2023-02-15,Chicago Blackhawks,2,Toronto Maple Leafs,5,141,2023-09-27
2023-02-15,New York Rangers,6,Vancouver Canucks,4,145,2023-09-27
2023-02-16,Montreal Canadiens,2,Carolina Hurricanes,6,149,2023-09-27
2023-02-16,Winnipeg Jets,1,Columbus Blue Jackets,3,146,2023-09-27
2023-02-16,Detroit Red Wings,5,Calgary Flames,2,145,2023-09-27
2023-02-16,Boston Bruins,5,Nashville Predators,0,147,2023-09-27
2023-02-16,Philadelphia Flyers,2,Seattle Kraken,6,146,2023-09-27
2023-02-16,New Jersey Devils,2,St. Louis Blues,4,144,2023-09-27
2023-02-16,San Jose Sharks,1,Vegas Golden Knights,2,149,2023-09-27
2023-02-16,Florida Panthers,6,Washington Capitals,3,147,2023-09-27
2023-02-17,Los Angeles Kings,6,Anaheim Ducks,3,153,2023-09-27
2023-02-17,New York Rangers,5,Edmonton Oilers,4,163,2023-09-27
2023-02-17,Dallas Stars,1,Minnesota Wild,2,160,2023-09-27
2023-02-17,Pittsburgh Penguins,4,New York Islanders,5,150,2023-09-27
2023-02-17,Chicago Blackhawks,4,Ottawa Senators,3,150,2023-09-27
2023-02-18,New York Islanders,2,Boston Bruins,6,138,2023-09-27
2023-02-18,Washington Capitals,1,Carolina Hurricanes,4,169,2023-09-27
2023-02-18,New York Rangers,2,Calgary Flames,3,144,2023-09-27
2023-02-18,Columbus Blue Jackets,4,Dallas Stars,1,145,2023-09-27
2023-02-18,Arizona Coyotes,5,Los Angeles Kings,6,159,2023-09-27
2023-02-18,Florida Panthers,3,Nashville Predators,7,154,2023-09-27
2023-02-18,New Jersey Devils,5,Pittsburgh Penguins,2,146,2023-09-27
2023-02-18,Detroit Red Wings,2,Seattle Kraken,4,150,2023-09-27
2023-02-18,Buffalo Sabres,4,San Jose Sharks,2,151,2023-09-27
2023-02-18,Colorado Avalanche,4,St. Louis Blues,1,143,2023-09-27
2023-02-18,Montreal Canadiens,1,Toronto Maple Leafs,5,144,2023-09-27
2023-02-18,Philadelphia Flyers,2,Vancouver Canucks,6,152,2023-09-27
2023-02-18,Tampa Bay Lightning,4,Vegas Golden Knights,5,152,2023-09-27
2023-02-19,Columbus Blue Jackets,2,Arizona Coyotes,3,152,2023-09-27
2023-02-19,Toronto Maple Leafs,3,Chicago Blackhawks,5,145,2023-09-27
2023-02-19,Edmonton Oilers,5,Colorado Avalanche,6,164,2023-09-27
2023-02-19,Nashville Predators,3,Minnesota Wild,4,144,2023-09-27
2023-02-19,Winnipeg Jets,2,New Jersey Devils,4,145,2023-09-27
2023-02-19,St. Louis Blues,2,Ottawa Senators,7,154,2023-09-27
2023-02-20,Ottawa Senators,1,Boston Bruins,3,153,2023-09-27
2023-02-20,Philadelphia Flyers,4,Calgary Flames,3,159,2023-09-27
2023-02-20,Anaheim Ducks,3,Florida Panthers,4,156,2023-09-27
2023-02-20,Winnipeg Jets,4,New York Rangers,1,149,2023-09-27
2023-02-20,New York Islanders,4,Pittsburgh Penguins,2,148,2023-09-27
2023-02-20,Seattle Kraken,0,San Jose Sharks,4,139,2023-09-27
2023-02-21,Toronto Maple Leafs,6,Buffalo Sabres,3,144,2023-09-27
2023-02-21,St. Louis Blues,1,Carolina Hurricanes,4,145,2023-09-27
2023-02-21,Vegas Golden Knights,2,Chicago Blackhawks,3,158,2023-09-27
2023-02-21,Philadelphia Flyers,2,Edmonton Oilers,4,144,2023-09-27
2023-02-21,Los Angeles Kings,1,Minnesota Wild,2,138,2023-09-27
2023-02-21,Montreal Canadiens,5,New Jersey Devils,2,142,2023-09-27
2023-02-21,Vancouver Canucks,4,Nashville Predators,5,164,2023-09-27
2023-02-21,Anaheim Ducks,1,Tampa Bay Lightning,6,149,2023-09-27
2023-02-21,Detroit Red Wings,3,Washington Capitals,1,140,2023-09-27
2023-02-22,Calgary Flames,6,Arizona Coyotes,3,147,2023-09-27
2023-02-22,Chicago Blackhawks,4,Dallas Stars,3,145,2023-09-27
2023-02-22,Winnipeg Jets,1,New York Islanders,2,140,2023-09-27
2023-02-23,Minnesota Wild,2,Columbus Blue Jackets,0,144,2023-09-27
2023-02-23,New York Rangers,1,Detroit Red Wings,4,162,2023-09-27
2023-02-23,Los Angeles Kings,3,New Jersey Devils,4,148,2023-09-27
2023-02-23,Edmonton Oilers,7,Pittsburgh Penguins,2,149,2023-09-27
2023-02-23,Boston Bruins,6,Seattle Kraken,5,158,2023-09-27
2023-02-23,Nashville Predators,6,San Jose Sharks,2,149,2023-09-27
2023-02-23,Vancouver Canucks,3,St. Louis Blues,2,159,2023-09-27
2023-02-23,Buffalo Sabres,6,Tampa Bay Lightning,5,150,2023-09-27
2023-02-23,Calgary Flames,3,Vegas Golden Knights,4,149,2023-09-27
2023-02-23,Anaheim Ducks,4,Washington Capitals,2,159,2023-09-27
2023-02-24,Ottawa Senators,0,Carolina Hurricanes,4,148,2023-09-27
2023-02-24,Buffalo Sabres,3,Florida Panthers,1,152,2023-09-27
2023-02-24,Los Angeles Kings,3,New York Islanders,2,133,2023-09-27
2023-02-24,Montreal Canadiens,5,Philadelphia Flyers,2,144,2023-09-27
2023-02-24,Minnesota Wild,1,Toronto Maple Leafs,2,148,2023-09-27
2023-02-24,Colorado Avalanche,5,Winnipeg Jets,1,146,2023-09-27
2023-02-25,Anaheim Ducks,3,Carolina Hurricanes,2,150,2023-09-27
2023-02-25,Edmonton Oilers,5,Columbus Blue Jackets,6,149,2023-09-27
2023-02-25,Calgary Flames,1,Colorado Avalanche,4,152,2023-09-27
2023-02-25,Tampa Bay Lightning,3,Detroit Red Wings,0,145,2023-09-27
2023-02-25,Ottawa Senators,5,Montreal Canadiens,2,150,2023-09-27
2023-02-25,Philadelphia Flyers,0,New Jersey Devils,7,143,2023-09-27
2023-02-25,Chicago Blackhawks,4,San Jose Sharks,3,162,2023-09-27
2023-02-25,Pittsburgh Penguins,3,St. Louis Blues,2,153,2023-09-27
2023-02-25,Boston Bruins,3,Vancouver Canucks,1,146,2023-09-27
2023-02-25,Dallas Stars,3,Vegas Golden Knights,2,159,2023-09-27
2023-02-25,New York Rangers,3,Washington Capitals,6,147,2023-09-27
2023-02-26,Nashville Predators,6,Arizona Coyotes,2,145,2023-09-27
2023-02-26,Washington Capitals,4,Buffalo Sabres,7,150,2023-09-27
2023-02-26,Columbus Blue Jackets,2,Minnesota Wild,3,150,2023-09-27
2023-02-26,Los Angeles Kings,2,New York Rangers,5,147,2023-09-27
2023-02-26,Tampa Bay Lightning,3,Pittsburgh Penguins,7,145,2023-09-27
2023-02-26,Toronto Maple Leafs,5,Seattle Kraken,1,136,2023-09-27
2023-02-26,New York Islanders,4,Winnipeg Jets,0,139,2023-09-27
2023-02-27,Chicago Blackhawks,2,Anaheim Ducks,4,141,2023-09-27
2023-02-27,Vegas Golden Knights,0,Colorado Avalanche,3,145,2023-09-27
2023-02-27,Vancouver Canucks,5,Dallas Stars,4,153,2023-09-27
2023-02-27,Boston Bruins,3,Edmonton Oilers,2,149,2023-09-27
2023-02-27,Detroit Red Wings,2,Ottawa Senators,6,153,2023-09-27
2023-02-28,Chicago Blackhawks,1,Arizona Coyotes,4,142,2023-09-27
2023-02-28,Columbus Blue Jackets,5,Buffalo Sabres,3,144,2023-09-27
2023-02-28,Boston Bruins,4,Calgary Flames,3,163,2023-09-27
2023-02-28,New York Islanders,1,Minnesota Wild,2,148,2023-09-27
2023-02-28,Pittsburgh Penguins,3,Nashville Predators,1,139,2023-09-27
2023-02-28,Detroit Red Wings,1,Ottawa Senators,6,154,2023-09-27
2023-02-28,Montreal Canadiens,3,San Jose Sharks,1,144,2023-09-27
2023-02-28,Seattle Kraken,5,St. Louis Blues,3,143,2023-09-27
2023-02-28,Florida Panthers,4,Tampa Bay Lightning,1,151,2023-09-27
2023-02-28,Los Angeles Kings,6,Winnipeg Jets,5,159,2023-09-27
2023-03-01,Washington Capitals,3,Anaheim Ducks,2,153,2023-09-27
2023-03-01,New Jersey Devils,7,Colorado Avalanche,5,157,2023-09-27
2023-03-01,Arizona Coyotes,2,Dallas Stars,4,145,2023-09-27
2023-03-01,Toronto Maple Leafs,2,Edmonton Oilers,5,148,2023-09-27
2023-03-01,New York Rangers,3,Philadelphia Flyers,2,144,2023-09-27
2023-03-01,Carolina Hurricanes,2,Vegas Golden Knights,3,147,2023-09-27
2023-03-02,Buffalo Sabres,1,Boston Bruins,7,151,2023-09-27
2023-03-02,Toronto Maple Leafs,2,Calgary Flames,1,150,2023-09-27
2023-03-02,Dallas Stars,5,Chicago Blackhawks,2,140,2023-09-27
2023-03-02,Seattle Kraken,5,Detroit Red Wings,4,156,2023-09-27
2023-03-02,Nashville Predators,2,Florida Panthers,1,143,2023-09-27
2023-03-02,Montreal Canadiens,2,Los Angeles Kings,3,149,2023-09-27
2023-03-02,Ottawa Senators,5,New York Rangers,3,151,2023-09-27
2023-03-02,St. Louis Blues,6,San Jose Sharks,3,141,2023-09-27
2023-03-02,Pittsburgh Penguins,5,Tampa Bay Lightning,4,161,2023-09-27
2023-03-02,Minnesota Wild,2,Vancouver Canucks,1,149,2023-09-27
2023-03-03,Montreal Canadiens,2,Anaheim Ducks,3,144,2023-09-27
2023-03-03,Carolina Hurricanes,6,Arizona Coyotes,1,142,2023-09-27
2023-03-03,Seattle Kraken,4,Columbus Blue Jackets,2,147,2023-09-27
2023-03-03,Winnipeg Jets,3,Edmonton Oilers,6,152,2023-09-27
2023-03-03,New Jersey Devils,3,Vegas Golden Knights,4,157,2023-09-27
2023-03-04,New York Rangers,2,Boston Bruins,4,158,2023-09-27
2023-03-04,Tampa Bay Lightning,3,Buffalo Sabres,5,148,2023-09-27
2023-03-04,Minnesota Wild,3,Calgary Flames,0,150,2023-09-27
2023-03-04,Nashville Predators,3,Chicago Blackhawks,1,139,2023-09-27
2023-03-04,Colorado Avalanche,3,Dallas Stars,7,145,2023-09-27
2023-03-04,Pittsburgh Penguins,1,Florida Panthers,4,148,2023-09-27
2023-03-04,St. Louis Blues,2,Los Angeles Kings,4,140,2023-09-27
2023-03-04,Detroit Red Wings,1,New York Islanders,4,135,2023-09-27
2023-03-04,Columbus Blue Jackets,2,Ottawa Senators,5,141,2023-09-27
2023-03-04,Washington Capitals,8,San Jose Sharks,3,152,2023-09-27
2023-03-04,Toronto Maple Leafs,1,Vancouver Canucks,4,146,2023-09-27
2023-03-04,Edmonton Oilers,5,Winnipeg Jets,7,153,2023-09-27
2023-03-05,New Jersey Devils,5,Arizona Coyotes,4,144,2023-09-27
2023-03-05,Tampa Bay Lightning,0,Carolina Hurricanes,6,154,2023-09-27
2023-03-05,Seattle Kraken,3,Colorado Avalanche,2,148,2023-09-27
2023-03-05,Detroit Red Wings,1,Philadelphia Flyers,3,146,2023-09-27
2023-03-05,Montreal Canadiens,3,Vegas Golden Knights,4,136,2023-09-27
2023-03-06,Edmonton Oilers,3,Buffalo Sabres,2,146,2023-09-27
2023-03-06,Ottawa Senators,0,Chicago Blackhawks,5,147,2023-09-27
2023-03-06,Calgary Flames,5,Dallas Stars,4,152,2023-09-27
2023-03-06,Washington Capitals,2,Los Angeles Kings,4,149,2023-09-27
2023-03-06,Nashville Predators,3,Vancouver Canucks,4,153,2023-09-27
2023-03-06,San Jose Sharks,3,Winnipeg Jets,2,150,2023-09-27
2023-03-07,St. Louis Blues,2,Arizona Coyotes,6,150,2023-09-27
2023-03-07,San Jose Sharks,0,Colorado Avalanche,6,146,2023-09-27
2023-03-07,Vegas Golden Knights,1,Florida Panthers,2,142,2023-09-27
2023-03-07,Calgary Flames,1,Minnesota Wild,0,163,2023-09-27
2023-03-07,Carolina Hurricanes,4,Montreal Canadiens,3,168,2023-09-27
2023-03-07,Toronto Maple Leafs,4,New Jersey Devils,3,141,2023-09-27
2023-03-07,Buffalo Sabres,2,New York Islanders,3,144,2023-09-27
2023-03-07,Columbus Blue Jackets,4,Pittsburgh Penguins,5,152,2023-09-27
2023-03-07,Anaheim Ducks,2,Seattle Kraken,5,146,2023-09-27
2023-03-07,Philadelphia Flyers,2,Tampa Bay Lightning,5,156,2023-09-27
2023-03-08,Chicago Blackhawks,3,Detroit Red Wings,4,150,2023-09-27
2023-03-08,Anaheim Ducks,2,Vancouver Canucks,3,141,2023-09-27
2023-03-08,Minnesota Wild,4,Winnipeg Jets,2,138,2023-09-27
2023-03-09,Nashville Predators,1,Arizona Coyotes,4,147,2023-09-27
2023-03-09,Edmonton Oilers,3,Boston Bruins,2,145,2023-09-27
2023-03-09,Dallas Stars,10,Buffalo Sabres,4,149,2023-09-27
2023-03-09,Philadelphia Flyers,0,Carolina Hurricanes,1,139,2023-09-27
2023-03-09,Los Angeles Kings,5,Colorado Avalanche,2,143,2023-09-27
2023-03-09,New York Rangers,4,Montreal Canadiens,3,156,2023-09-27
2023-03-09,New York Islanders,4,Pittsburgh Penguins,3,147,2023-09-27
2023-03-09,Ottawa Senators,5,Seattle Kraken,4,154,2023-09-27
2023-03-09,San Jose Sharks,2,St. Louis Blues,4,154,2023-09-27
2023-03-09,Vegas Golden Knights,4,Tampa Bay Lightning,3,163,2023-09-27
2023-03-09,New Jersey Devils,3,Washington Capitals,2,163,2023-09-27
2023-03-10,Anaheim Ducks,3,Calgary Flames,1,133,2023-09-27
2023-03-10,Chicago Blackhawks,3,Florida Panthers,4,146,2023-09-27
2023-03-11,Detroit Red Wings,2,Boston Bruins,3,156,2023-09-27
2023-03-11,New York Rangers,2,Buffalo Sabres,1,145,2023-09-27
2023-03-11,Vegas Golden Knights,4,Carolina Hurricanes,0,150,2023-09-27
2023-03-11,St. Louis Blues,5,Columbus Blue Jackets,2,150,2023-09-27
2023-03-11,Arizona Coyotes,2,Colorado Avalanche,3,149,2023-09-27
2023-03-11,Winnipeg Jets,5,Florida Panthers,4,163,2023-09-27
2023-03-11,Nashville Predators,2,Los Angeles Kings,1,155,2023-09-27
2023-03-11,New Jersey Devils,3,Montreal Canadiens,1,143,2023-09-27
2023-03-11,Washington Capitals,5,New York Islanders,1,142,2023-09-27
2023-03-11,Philadelphia Flyers,1,Pittsburgh Penguins,5,141,2023-09-27
2023-03-11,Dallas Stars,4,Seattle Kraken,3,148,2023-09-27
2023-03-11,Minnesota Wild,5,San Jose Sharks,2,155,2023-09-27
2023-03-11,Chicago Blackhawks,1,Tampa Bay Lightning,3,137,2023-09-27
2023-03-11,Edmonton Oilers,4,Toronto Maple Leafs,7,151,2023-09-27
2023-03-11,Ottawa Senators,2,Vancouver Canucks,5,158,2023-09-27
2023-03-12,Nashville Predators,5,Anaheim Ducks,4,143,2023-09-27
2023-03-12,Minnesota Wild,4,Arizona Coyotes,5,156,2023-09-27
2023-03-12,Ottawa Senators,1,Calgary Flames,5,151,2023-09-27
2023-03-12,Boston Bruins,3,Detroit Red Wings,5,156,2023-09-27
2023-03-12,Carolina Hurricanes,0,New Jersey Devils,3,141,2023-09-27
2023-03-12,New York Rangers,2,Pittsburgh Penguins,3,157,2023-09-27
2023-03-12,Vegas Golden Knights,5,St. Louis Blues,3,145,2023-09-27
2023-03-12,Winnipeg Jets,3,Tampa Bay Lightning,2,146,2023-09-27
2023-03-13,Colorado Avalanche,8,Montreal Canadiens,4,150,2023-09-27
2023-03-13,Dallas Stars,5,Seattle Kraken,2,147,2023-09-27
2023-03-13,Buffalo Sabres,4,Toronto Maple Leafs,3,145,2023-09-27
2023-03-14,Calgary Flames,3,Arizona Coyotes,4,155,2023-09-27
2023-03-14,Winnipeg Jets,3,Carolina Hurricanes,5,134,2023-09-27
2023-03-14,Boston Bruins,3,Chicago Blackhawks,6,162,2023-09-27
2023-03-14,Ottawa Senators,3,Edmonton Oilers,6,150,2023-09-27
2023-03-14,New York Islanders,2,Los Angeles Kings,5,146,2023-09-27
2023-03-14,Tampa Bay Lightning,4,New Jersey Devils,1,142,2023-09-27
2023-03-14,Detroit Red Wings,1,Nashville Predators,2,148,2023-09-27
2023-03-14,Washington Capitals,3,New York Rangers,5,154,2023-09-27
2023-03-14,Vegas Golden Knights,5,Philadelphia Flyers,3,142,2023-09-27
2023-03-14,Montreal Canadiens,6,Pittsburgh Penguins,4,147,2023-09-27
2023-03-14,Columbus Blue Jackets,6,San Jose Sharks,5,155,2023-09-27
2023-03-14,Dallas Stars,2,Vancouver Canucks,5,140,2023-09-27
2023-03-15,New York Islanders,6,Anaheim Ducks,3,137,2023-09-27
2023-03-15,Minnesota Wild,8,St. Louis Blues,5,164,2023-09-27
2023-03-15,Colorado Avalanche,2,Toronto Maple Leafs,1,155,2023-09-27
2023-03-15,Buffalo Sabres,4,Washington Capitals,5,164,2023-09-27
2023-03-16,Vancouver Canucks,2,Arizona Coyotes,3,143,2023-09-27
2023-03-16,Dallas Stars,1,Edmonton Oilers,4,142,2023-09-27
2023-03-16,Montreal Canadiens,5,Florida Panthers,9,154,2023-09-27
2023-03-16,Columbus Blue Jackets,1,Los Angeles Kings,4,138,2023-09-27
2023-03-16,Tampa Bay Lightning,4,New Jersey Devils,3,161,2023-09-27
2023-03-16,Chicago Blackhawks,2,Nashville Predators,1,146,2023-09-27
2023-03-16,Pittsburgh Penguins,2,New York Rangers,4,146,2023-09-27
2023-03-16,Colorado Avalanche,5,Ottawa Senators,4,159,2023-09-27
2023-03-16,Seattle Kraken,2,San Jose Sharks,1,141,2023-09-27
2023-03-16,Calgary Flames,7,Vegas Golden Knights,2,140,2023-09-27
2023-03-16,Boston Bruins,3,Winnipeg Jets,0,141,2023-09-27
2023-03-17,Columbus Blue Jackets,4,Anaheim Ducks,7,146,2023-09-27
2023-03-17,Buffalo Sabres,2,Philadelphia Flyers,5,143,2023-09-27
2023-03-17,Carolina Hurricanes,2,Toronto Maple Leafs,5,145,2023-09-27
2023-03-17,St. Louis Blues,5,Washington Capitals,2,141,2023-09-27
2023-03-18,Chicago Blackhawks,2,Arizona Coyotes,4,139,2023-09-27
2023-03-18,Dallas Stars,6,Calgary Flames,5,154,2023-09-27
2023-03-18,Colorado Avalanche,5,Detroit Red Wings,1,155,2023-09-27
2023-03-18,New Jersey Devils,2,Florida Panthers,4,147,2023-09-27
2023-03-18,Vancouver Canucks,3,Los Angeles Kings,2,145,2023-09-27
2023-03-18,Boston Bruins,5,Minnesota Wild,2,155,2023-09-27
2023-03-18,Winnipeg Jets,3,Nashville Predators,2,145,2023-09-27
2023-03-18,Pittsburgh Penguins,0,New York Rangers,6,144,2023-09-27
2023-03-18,Toronto Maple Leafs,5,Ottawa Senators,4,168,2023-09-27
2023-03-18,Carolina Hurricanes,5,Philadelphia Flyers,4,150,2023-09-27
2023-03-18,Edmonton Oilers,6,Seattle Kraken,4,153,2023-09-27
2023-03-18,New York Islanders,4,San Jose Sharks,1,140,2023-09-27
2023-03-18,Montreal Canadiens,3,Tampa Bay Lightning,5,155,2023-09-27
2023-03-19,Vancouver Canucks,2,Anaheim Ducks,1,140,2023-09-27
2023-03-19,Boston Bruins,7,Buffalo Sabres,0,143,2023-09-27
2023-03-19,Washington Capitals,3,Minnesota Wild,5,159,2023-09-27
2023-03-19,Nashville Predators,0,New York Rangers,7,130,2023-09-27
2023-03-19,Winnipeg Jets,0,St. Louis Blues,3,144,2023-09-27
2023-03-19,New Jersey Devils,5,Tampa Bay Lightning,2,149,2023-09-27
2023-03-19,Columbus Blue Jackets,2,Vegas Golden Knights,7,149,2023-09-27
2023-03-20,Chicago Blackhawks,0,Colorado Avalanche,5,142,2023-09-27
2023-03-20,Florida Panthers,5,Detroit Red Wings,2,142,2023-09-27
2023-03-20,San Jose Sharks,4,Edmonton Oilers,5,171,2023-09-27
2023-03-20,Calgary Flames,2,Los Angeles Kings,8,148,2023-09-27
2023-03-20,Ottawa Senators,2,Pittsburgh Penguins,1,145,2023-09-27
2023-03-21,Calgary Flames,5,Anaheim Ducks,1,150,2023-09-27
2023-03-21,Ottawa Senators,1,Boston Bruins,2,149,2023-09-27
2023-03-21,Nashville Predators,7,Buffalo Sabres,3,138,2023-09-27
2023-03-21,Seattle Kraken,5,Dallas Stars,4,150,2023-09-27
2023-03-21,Tampa Bay Lightning,2,Montreal Canadiens,3,144,2023-09-27
2023-03-21,Minnesota Wild,2,New Jersey Devils,1,150,2023-09-27
2023-03-21,Toronto Maple Leafs,2,New York Islanders,7,146,2023-09-27
2023-03-21,Carolina Hurricanes,3,New York Rangers,2,148,2023-09-27
2023-03-21,Florida Panthers,3,Philadelphia Flyers,6,149,2023-09-27
2023-03-21,Detroit Red Wings,3,St. Louis Blues,2,153,2023-09-27
2023-03-21,Vegas Golden Knights,4,Vancouver Canucks,3,147,2023-09-27
2023-03-21,Arizona Coyotes,1,Winnipeg Jets,2,142,2023-09-27
2023-03-21,Columbus Blue Jackets,7,Washington Capitals,6,145,2023-09-27
2023-03-22,Pittsburgh Penguins,5,Colorado Avalanche,2,151,2023-09-27
2023-03-22,Arizona Coyotes,3,Edmonton Oilers,4,147,2023-09-27
2023-03-23,Winnipeg Jets,3,Anaheim Ducks,2,148,2023-09-27
2023-03-23,Montreal Canadiens,2,Boston Bruins,4,155,2023-09-27
2023-03-23,New York Rangers,2,Carolina Hurricanes,1,146,2023-09-27
2023-03-23,Vegas Golden Knights,3,Calgary Flames,2,160,2023-09-27
2023-03-23,Pittsburgh Penguins,2,Dallas Stars,3,155,2023-09-27
2023-03-23,St. Louis Blues,4,Detroit Red Wings,3,146,2023-09-27
2023-03-23,Toronto Maple Leafs,6,Florida Panthers,2,150,2023-09-27
2023-03-23,Seattle Kraken,1,Nashville Predators,2,145,2023-09-27
2023-03-23,Tampa Bay Lightning,2,Ottawa Senators,7,152,2023-09-27
2023-03-23,Minnesota Wild,4,Philadelphia Flyers,5,154,2023-09-27
2023-03-23,San Jose Sharks,2,Vancouver Canucks,7,142,2023-09-27
2023-03-23,Chicago Blackhawks,1,Washington Capitals,6,139,2023-09-27
2023-03-24,New Jersey Devils,4,Buffalo Sabres,5,149,2023-09-27
2023-03-24,New York Islanders,4,Columbus Blue Jackets,5,149,2023-09-27
2023-03-24,Arizona Coyotes,1,Colorado Avalanche,3,144,2023-09-27
2023-03-25,St. Louis Blues,6,Anaheim Ducks,3,148,2023-09-27
2023-03-25,Tampa Bay Lightning,1,Boston Bruins,2,149,2023-09-27
2023-03-25,Toronto Maple Leafs,3,Carolina Hurricanes,5,147,2023-09-27
2023-03-25,San Jose Sharks,3,Calgary Flames,5,147,2023-09-27
2023-03-25,Vancouver Canucks,3,Dallas Stars,1,146,2023-09-27
2023-03-25,Vegas Golden Knights,4,Edmonton Oilers,3,157,2023-09-27
2023-03-25,New York Rangers,4,Florida Panthers,3,157,2023-09-27
2023-03-25,Winnipeg Jets,1,Los Angeles Kings,4,142,2023-09-27
2023-03-25,Chicago Blackhawks,1,Minnesota Wild,3,141,2023-09-27
2023-03-25,Columbus Blue Jackets,2,Montreal Canadiens,8,145,2023-09-27
2023-03-25,Ottawa Senators,3,New Jersey Devils,5,155,2023-09-27
2023-03-25,Seattle Kraken,7,Nashville Predators,2,144,2023-09-27
2023-03-25,Buffalo Sabres,2,New York Islanders,0,140,2023-09-27
2023-03-25,Detroit Red Wings,0,Philadelphia Flyers,3,143,2023-09-27
2023-03-25,Washington Capitals,3,Pittsburgh Penguins,4,155,2023-09-27
2023-03-26,Colorado Avalanche,4,Arizona Coyotes,3,161,2023-09-27
2023-03-26,Boston Bruins,4,Carolina Hurricanes,3,168,2023-09-27
2023-03-26,Vancouver Canucks,4,Chicago Blackhawks,2,141,2023-09-27
2023-03-26,St. Louis Blues,6,Los Angeles Kings,7,147,2023-09-27
2023-03-26,Toronto Maple Leafs,3,Nashville Predators,2,140,2023-09-27
2023-03-27,Colorado Avalanche,5,Anaheim Ducks,1,145,2023-09-27
2023-03-27,Edmonton Oilers,5,Arizona Coyotes,4,152,2023-09-27
2023-03-27,Montreal Canadiens,4,Buffalo Sabres,3,166,2023-09-27
2023-03-27,Seattle Kraken,1,Minnesota Wild,5,148,2023-09-27
2023-03-27,New Jersey Devils,1,New York Islanders,5,146,2023-09-27
2023-03-27,Florida Panthers,2,Ottawa Senators,5,153,2023-09-27
2023-03-28,Nashville Predators,2,Boston Bruins,1,154,2023-09-27
2023-03-28,Tampa Bay Lightning,4,Carolina Hurricanes,0,146,2023-09-27
2023-03-28,Los Angeles Kings,1,Calgary Flames,2,150,2023-09-27
2023-03-28,Dallas Stars,4,Chicago Blackhawks,1,142,2023-09-27
2023-03-28,Pittsburgh Penguins,4,Detroit Red Wings,7,160,2023-09-27
2023-03-28,Columbus Blue Jackets,2,New York Rangers,6,145,2023-09-27
2023-03-28,Montreal Canadiens,2,Philadelphia Flyers,3,143,2023-09-27
2023-03-28,Winnipeg Jets,0,San Jose Sharks,3,138,2023-09-27
2023-03-28,Vancouver Canucks,5,St. Louis Blues,6,155,2023-09-27
2023-03-28,Edmonton Oilers,7,Vegas Golden Knights,4,150,2023-09-27
2023-03-29,Minnesota Wild,4,Colorado Avalanche,2,147,2023-09-27
2023-03-29,Florida Panthers,3,Toronto Maple Leafs,2,154,2023-09-27
2023-03-29,New York Islanders,2,Washington Capitals,1,158,2023-09-27
2023-03-30,Columbus Blue Jackets,1,Boston Bruins,2,151,2023-09-27
2023-03-30,St. Louis Blues,5,Chicago Blackhawks,3,138,2023-09-27
2023-03-30,Carolina Hurricanes,2,Detroit Red Wings,3,147,2023-09-27
2023-03-30,Los Angeles Kings,0,Edmonton Oilers,2,156,2023-09-27
2023-03-30,Florida Panthers,5,Montreal Canadiens,2,138,2023-09-27
2023-03-30,New York Rangers,1,New Jersey Devils,2,145,2023-09-27
2023-03-30,Philadelphia Flyers,4,Ottawa Senators,5,159,2023-09-27
2023-03-30,Nashville Predators,0,Pittsburgh Penguins,2,143,2023-09-27
2023-03-30,Anaheim Ducks,1,Seattle Kraken,4,138,2023-09-27
2023-03-30,Vegas Golden Knights,3,San Jose Sharks,4,141,2023-09-27
2023-03-30,Washington Capitals,1,Tampa Bay Lightning,5,146,2023-09-27
2023-03-31,Dallas Stars,5,Arizona Coyotes,2,141,2023-09-27
2023-03-31,New York Rangers,2,Buffalo Sabres,3,147,2023-09-27
2023-03-31,Calgary Flames,5,Vancouver Canucks,4,158,2023-09-27
2023-03-31,Detroit Red Wings,2,Winnipeg Jets,6,138,2023-09-27
2023-04-01,San Jose Sharks,7,Arizona Coyotes,2,150,2023-09-27
2023-04-01,Florida Panthers,7,Columbus Blue Jackets,0,141,2023-09-27
2023-04-01,New Jersey Devils,6,Chicago Blackhawks,3,140,2023-09-27
2023-04-01,Dallas Stars,2,Colorado Avalanche,5,147,2023-09-27
2023-04-01,Anaheim Ducks,0,Edmonton Oilers,6,155,2023-09-27
2023-04-01,Carolina Hurricanes,3,Montreal Canadiens,0,141,2023-09-27
2023-04-01,St. Louis Blues,1,Nashville Predators,6,145,2023-09-27
2023-04-01,Toronto Maple Leafs,3,Ottawa Senators,0,140,2023-09-27
2023-04-01,Buffalo Sabres,6,Philadelphia Flyers,3,144,2023-09-27
2023-04-01,Boston Bruins,4,Pittsburgh Penguins,3,156,2023-09-27
2023-04-01,Los Angeles Kings,3,Seattle Kraken,1,148,2023-09-27
2023-04-01,New York Islanders,0,Tampa Bay Lightning,5,146,2023-09-27
2023-04-01,Minnesota Wild,1,Vegas Golden Knights,4,143,2023-09-27
2023-04-02,New York Islanders,1,Carolina Hurricanes,2,147,2023-09-27
2023-04-02,Ottawa Senators,3,Columbus Blue Jackets,4,148,2023-09-27
2023-04-02,Anaheim Ducks,4,Calgary Flames,5,152,2023-09-27
2023-04-02,Philadelphia Flyers,2,Pittsburgh Penguins,4,149,2023-09-27
2023-04-02,Boston Bruins,4,St. Louis Blues,3,168,2023-09-27
2023-04-02,Detroit Red Wings,5,Toronto Maple Leafs,2,150,2023-09-27
2023-04-02,Los Angeles Kings,4,Vancouver Canucks,1,141,2023-09-27
2023-04-02,New Jersey Devils,1,Winnipeg Jets,6,142,2023-09-27
2023-04-02,New York Rangers,5,Washington Capitals,2,147,2023-09-27
2023-04-03,Nashville Predators,1,Dallas Stars,5,151,2023-09-27
2023-04-03,Vegas Golden Knights,4,Minnesota Wild,3,162,2023-09-27
2023-04-03,Arizona Coyotes,1,Seattle Kraken,8,153,2023-09-27
2023-04-04,Ottawa Senators,2,Carolina Hurricanes,3,157,2023-09-27
2023-04-04,Chicago Blackhawks,4,Calgary Flames,3,144,2023-09-27
2023-04-04,Buffalo Sabres,1,Florida Panthers,2,153,2023-09-27
2023-04-04,Edmonton Oilers,3,Los Angeles Kings,1,152,2023-09-27
2023-04-04,Detroit Red Wings,5,Montreal Canadiens,0,136,2023-09-27
2023-04-04,Pittsburgh Penguins,1,New Jersey Devils,5,145,2023-09-27
2023-04-04,Vegas Golden Knights,2,Nashville Predators,3,151,2023-09-27
2023-04-04,Colorado Avalanche,4,San Jose Sharks,3,151,2023-09-27
2023-04-04,Philadelphia Flyers,2,St. Louis Blues,4,148,2023-09-27
2023-04-04,Columbus Blue Jackets,2,Toronto Maple Leafs,4,143,2023-09-27
2023-04-04,Seattle Kraken,5,Vancouver Canucks,2,141,2023-09-27
2023-04-05,Edmonton Oilers,3,Anaheim Ducks,1,142,2023-09-27
2023-04-05,Tampa Bay Lightning,3,New York Rangers,6,156,2023-09-27
2023-04-05,Calgary Flames,3,Winnipeg Jets,1,163,2023-09-27
2023-04-06,Toronto Maple Leafs,1,Boston Bruins,2,149,2023-09-27
2023-04-06,Philadelphia Flyers,1,Dallas Stars,4,142,2023-09-27
2023-04-06,Buffalo Sabres,7,Detroit Red Wings,6,168,2023-09-27
2023-04-06,Ottawa Senators,2,Florida Panthers,7,179,2023-09-27
2023-04-06,Washington Capitals,2,Montreal Canadiens,6,156,2023-09-27
2023-04-06,Columbus Blue Jackets,1,New Jersey Devils,8,146,2023-09-27
2023-04-06,Carolina Hurricanes,0,Nashville Predators,3,146,2023-09-27
2023-04-06,Tampa Bay Lightning,1,New York Islanders,6,150,2023-09-27
2023-04-06,Minnesota Wild,1,Pittsburgh Penguins,4,148,2023-09-27
2023-04-06,Arizona Coyotes,2,Seattle Kraken,4,157,2023-09-27
2023-04-06,Colorado Avalanche,6,San Jose Sharks,2,142,2023-09-27
2023-04-06,New York Rangers,2,St. Louis Blues,3,144,2023-09-27
2023-04-06,Chicago Blackhawks,0,Vancouver Canucks,3,139,2023-09-27
2023-04-06,Los Angeles Kings,2,Vegas Golden Knights,5,158,2023-09-27
2023-04-08,Anaheim Ducks,4,Arizona Coyotes,5,156,2023-09-27
2023-04-08,New Jersey Devils,1,Boston Bruins,2,155,2023-09-27
2023-04-08,Carolina Hurricanes,3,Buffalo Sabres,4,144,2023-09-27
2023-04-08,New York Rangers,4,Columbus Blue Jackets,0,143,2023-09-27
2023-04-08,Vegas Golden Knights,1,Dallas Stars,2,158,2023-09-27
2023-04-08,Pittsburgh Penguins,5,Detroit Red Wings,1,140,2023-09-27
2023-04-08,Colorado Avalanche,4,Los Angeles Kings,3,148,2023-09-27
2023-04-08,St. Louis Blues,3,Minnesota Wild,5,142,2023-09-27
2023-04-08,Philadelphia Flyers,0,New York Islanders,4,141,2023-09-27
2023-04-08,Tampa Bay Lightning,4,Ottawa Senators,7,149,2023-09-27
2023-04-08,Chicago Blackhawks,3,Seattle Kraken,7,149,2023-09-27
2023-04-08,Edmonton Oilers,6,San Jose Sharks,1,139,2023-09-27
2023-04-08,Montreal Canadiens,1,Toronto Maple Leafs,7,149,2023-09-27
2023-04-08,Calgary Flames,2,Vancouver Canucks,3,158,2023-09-27
2023-04-08,Nashville Predators,0,Winnipeg Jets,2,142,2023-09-27
2023-04-08,Florida Panthers,4,Washington Capitals,2,164,2023-09-27
2023-04-09,Colorado Avalanche,5,Anaheim Ducks,4,162,2023-09-27
2023-04-09,Boston Bruins,5,Philadelphia Flyers,3,155,2023-09-27
2023-04-10,Seattle Kraken,4,Arizona Coyotes,1,140,2023-09-27
2023-04-10,Nashville Predators,3,Calgary Flames,2,156,2023-09-27
2023-04-10,Minnesota Wild,4,Chicago Blackhawks,2,146,2023-09-27
2023-04-10,Dallas Stars,6,Detroit Red Wings,1,140,2023-09-27
2023-04-10,Toronto Maple Leafs,2,Florida Panthers,1,144,2023-09-27
2023-04-10,Vancouver Canucks,0,Los Angeles Kings,3,140,2023-09-27
2023-04-10,Buffalo Sabres,3,New York Rangers,2,156,2023-09-27
2023-04-10,Carolina Hurricanes,2,Ottawa Senators,3,157,2023-09-27
2023-04-10,San Jose Sharks,2,Winnipeg Jets,6,142,2023-09-27
2023-04-10,New York Islanders,2,Washington Capitals,5,150,2023-09-27
2023-04-11,Vancouver Canucks,3,Anaheim Ducks,2,147,2023-09-27
2023-04-11,Washington Capitals,2,Boston Bruins,5,156,2023-09-27
2023-04-11,Detroit Red Wings,1,Carolina Hurricanes,4,140,2023-09-27
2023-04-11,Edmonton Oilers,2,Colorado Avalanche,1,148,2023-09-27
2023-04-11,Winnipeg Jets,3,Minnesota Wild,1,157,2023-09-27
2023-04-11,Buffalo Sabres,2,New Jersey Devils,6,145,2023-09-27
2023-04-11,Columbus Blue Jackets,3,Philadelphia Flyers,4,152,2023-09-27
2023-04-11,Chicago Blackhawks,5,Pittsburgh Penguins,2,146,2023-09-27
2023-04-11,Toronto Maple Leafs,4,Tampa Bay Lightning,3,158,2023-09-27
2023-04-11,Seattle Kraken,1,Vegas Golden Knights,4,145,2023-09-27
2023-04-12,San Jose Sharks,1,Calgary Flames,3,152,2023-09-27
2023-04-12,Montreal Canadiens,2,New York Islanders,4,142,2023-09-27
2023-04-12,Dallas Stars,5,St. Louis Blues,2,149,2023-09-27
2023-04-13,Los Angeles Kings,5,Anaheim Ducks,3,154,2023-09-27
2023-04-13,Vancouver Canucks,5,Arizona Coyotes,4,142,2023-09-27
2023-04-13,Ottawa Senators,3,Buffalo Sabres,4,146,2023-09-27
2023-04-13,Pittsburgh Penguins,2,Columbus Blue Jackets,3,140,2023-09-27
2023-04-13,Philadelphia Flyers,5,Chicago Blackhawks,4,151,2023-09-27
2023-04-13,Winnipeg Jets,2,Colorado Avalanche,4,148,2023-09-27
2023-04-13,St. Louis Blues,0,Dallas Stars,1,140,2023-09-27
2023-04-13,San Jose Sharks,2,Edmonton Oilers,5,143,2023-09-27
2023-04-13,Carolina Hurricanes,6,Florida Panthers,4,149,2023-09-27
2023-04-13,Boston Bruins,5,Montreal Canadiens,4,151,2023-09-27
2023-04-13,Minnesota Wild,3,Nashville Predators,4,137,2023-09-27
2023-04-13,Toronto Maple Leafs,3,New York Rangers,2,142,2023-09-27
2023-04-13,Vegas Golden Knights,3,Seattle Kraken,1,152,2023-09-27
2023-04-13,Detroit Red Wings,0,Tampa Bay Lightning,5,142,2023-09-27
2023-04-13,New Jersey Devils,5,Washington Capitals,4,153,2023-09-27
2023-04-14,Buffalo Sabres,5,Columbus Blue Jackets,2,135,2023-09-27
2023-04-14,Colorado Avalanche,4,Nashville Predators,3,143,2023-09-27
2023-04-17,New York Islanders,1,Carolina Hurricanes,2,156,2023-09-27
2023-04-17,Minnesota Wild,3,Dallas Stars,2,250,2023-09-27
2023-04-17,Los Angeles Kings,4,Edmonton Oilers,3,189,2023-09-27
2023-04-17,Florida Panthers,1,Boston Bruins,3,161,2023-09-27
2023-04-18,Seattle Kraken,3,Colorado Avalanche,1,142,2023-09-27
2023-04-18,New York Rangers,5,New Jersey Devils,1,159,2023-09-27
2023-04-18,Tampa Bay Lightning,7,Toronto Maple Leafs,3,159,2023-09-27
2023-04-18,Winnipeg Jets,5,Vegas Golden Knights,1,149,2023-09-27
2023-04-19,Los Angeles Kings,2,Edmonton Oilers,4,149,2023-09-27
2023-04-19,Minnesota Wild,3,Dallas Stars,7,160,2023-09-27
2023-04-19,New York Islanders,3,Carolina Hurricanes,4,172,2023-09-27
2023-04-19,Florida Panthers,6,Boston Bruins,3,173,2023-09-27
2023-04-20,Seattle Kraken,2,Colorado Avalanche,3,151,2023-09-27
2023-04-20,New York Rangers,5,New Jersey Devils,1,158,2023-09-27
2023-04-20,Tampa Bay Lightning,2,Toronto Maple Leafs,7,168,2023-09-27
2023-04-20,Winnipeg Jets,2,Vegas Golden Knights,5,158,2023-09-27
2023-04-21,Boston Bruins,4,Florida Panthers,2,150,2023-09-27
2023-04-21,Edmonton Oilers,2,Los Angeles Kings,3,178,2023-09-27
2023-04-21,Dallas Stars,1,Minnesota Wild,5,155,2023-09-27
2023-04-21,Carolina Hurricanes,1,New York Islanders,5,157,2023-09-27
2023-04-22,Vegas Golden Knights,5,Winnipeg Jets,4,219,2023-09-27
2023-04-22,Toronto Maple Leafs,4,Tampa Bay Lightning,3,199,2023-09-27
2023-04-22,Colorado Avalanche,6,Seattle Kraken,4,153,2023-09-27
2023-04-22,New Jersey Devils,2,New York Rangers,1,179,2023-09-27
2023-04-23,Edmonton Oilers,5,Los Angeles Kings,4,183,2023-09-27
2023-04-23,Dallas Stars,3,Minnesota Wild,2,148,2023-09-27
2023-04-23,Carolina Hurricanes,5,New York Islanders,2,156,2023-09-27
2023-04-23,Boston Bruins,6,Florida Panthers,2,167,2023-09-27
2023-04-24,New Jersey Devils,3,New York Rangers,1,149,2023-09-27
2023-04-24,Colorado Avalanche,2,Seattle Kraken,3,179,2023-09-27
2023-04-24,Toronto Maple Leafs,5,Tampa Bay Lightning,4,176,2023-09-27
2023-04-24,Vegas Golden Knights,4,Winnipeg Jets,2,151,2023-09-27
2023-04-25,Los Angeles Kings,3,Edmonton Oilers,6,148,2023-09-27
2023-04-25,Minnesota Wild,0,Dallas Stars,4,149,2023-09-27
2023-04-25,New York Islanders,3,Carolina Hurricanes,2,160,2023-09-27
2023-04-26,Florida Panthers,4,Boston Bruins,3,182,2023-09-27
2023-04-26,Seattle Kraken,3,Colorado Avalanche,2,149,2023-09-27
2023-04-27,New York Rangers,0,New Jersey Devils,4,145,2023-09-27
2023-04-27,Tampa Bay Lightning,4,Toronto Maple Leafs,2,155,2023-09-27
2023-04-27,Winnipeg Jets,1,Vegas Golden Knights,4,156,2023-09-27
2023-04-28,Boston Bruins,5,Florida Panthers,7,158,2023-09-27
2023-04-28,Dallas Stars,4,Minnesota Wild,1,143,2023-09-27
2023-04-28,Carolina Hurricanes,2,New York Islanders,1,172,2023-09-27
2023-04-28,Colorado Avalanche,4,Seattle Kraken,1,151,2023-09-27
2023-04-29,Toronto Maple Leafs,2,Tampa Bay Lightning,1,166,2023-09-27
2023-04-29,Edmonton Oilers,5,Los Angeles Kings,4,151,2023-09-27
2023-04-29,New Jersey Devils,2,New York Rangers,5,147,2023-09-27
2023-04-30,Florida Panthers,4,Boston Bruins,3,190,2023-09-27
2023-04-30,Seattle Kraken,2,Colorado Avalanche,1,153,2023-09-27
2023-05-01,New York Rangers,0,New Jersey Devils,4,146,2023-09-27
2023-05-02,Seattle Kraken,5,Dallas Stars,4,187,2023-09-27
2023-05-02,Florida Panthers,4,Toronto Maple Leafs,2,155,2023-09-27
2023-05-03,New Jersey Devils,1,Carolina Hurricanes,5,146,2023-09-27
2023-05-03,Edmonton Oilers,4,Vegas Golden Knights,6,156,2023-09-27
2023-05-04,Seattle Kraken,2,Dallas Stars,4,152,2023-09-27
2023-05-04,Florida Panthers,3,Toronto Maple Leafs,2,152,2023-09-27
2023-05-05,New Jersey Devils,1,Carolina Hurricanes,6,151,2023-09-27
2023-05-06,Edmonton Oilers,5,Vegas Golden Knights,1,170,2023-09-27
2023-05-07,Toronto Maple Leafs,2,Florida Panthers,3,168,2023-09-27
2023-05-07,Carolina Hurricanes,4,New Jersey Devils,8,147,2023-09-27
2023-05-07,Dallas Stars,2,Seattle Kraken,7,154,2023-09-27
2023-05-08,Vegas Golden Knights,5,Edmonton Oilers,1,159,2023-09-27
2023-05-09,Carolina Hurricanes,6,New Jersey Devils,1,145,2023-09-27
2023-05-09,Dallas Stars,6,Seattle Kraken,3,156,2023-09-27
2023-05-10,Vegas Golden Knights,1,Edmonton Oilers,4,158,2023-09-27
2023-05-10,Toronto Maple Leafs,2,Florida Panthers,1,141,2023-09-27
2023-05-11,Seattle Kraken,2,Dallas Stars,5,148,2023-09-27
2023-05-11,New Jersey Devils,2,Carolina Hurricanes,3,180,2023-09-27
2023-05-12,Florida Panthers,3,Toronto Maple Leafs,2,202,2023-09-27
2023-05-12,Edmonton Oilers,3,Vegas Golden Knights,4,160,2023-09-27
2023-05-13,Dallas Stars,3,Seattle Kraken,6,157,2023-09-27
2023-05-14,Vegas Golden Knights,5,Edmonton Oilers,2,147,2023-09-27
2023-05-15,Seattle Kraken,1,Dallas Stars,2,141,2023-09-27
2023-05-18,Florida Panthers,3,Carolina Hurricanes,2,344,2023-09-27
2023-05-19,Dallas Stars,3,Vegas Golden Knights,4,171,2023-09-27
2023-05-20,Florida Panthers,2,Carolina Hurricanes,1,174,2023-09-27
2023-05-21,Dallas Stars,2,Vegas Golden Knights,3,167,2023-09-27
2023-05-22,Carolina Hurricanes,0,Florida Panthers,1,154,2023-09-27
2023-05-23,Vegas Golden Knights,4,Dallas Stars,0,149,2023-09-27
2023-05-24,Carolina Hurricanes,3,Florida Panthers,4,157,2023-09-27
2023-05-25,Vegas Golden Knights,2,Dallas Stars,3,161,2023-09-27
2023-05-27,Dallas Stars,4,Vegas Golden Knights,2,146,2023-09-27
2023-05-29,Vegas Golden Knights,6,Dallas Stars,0,140,2023-09-27
2023-06-03,Florida Panthers,2,Vegas Golden Knights,5,166,2023-09-27
2023-06-05,Florida Panthers,2,Vegas Golden Knights,7,162,2023-09-27
2023-06-08,Vegas Golden Knights,2,Florida Panthers,3,179,2023-09-27
2023-06-10,Vegas Golden Knights,3,Florida Panthers,2,158,2023-09-27
2023-06-13,Florida Panthers,3,Vegas Golden Knights,9,155,2023-09-27
